<profile>

<section name = "Vivado HLS Report for 'hls_cropping_strm'" level="0">
<item name = "Date">Wed Jul 15 16:47:01 2015
</item>
<item name = "Version">2014.4 (Build 1071461 on Tue Nov 18 16:42:57 PM 2014)</item>
<item name = "Project">hls_cropping</item>
<item name = "Solution">solution1</item>
<item name = "Product family">zynq</item>
<item name = "Target device">xc7z020clg484-1</item>
</section>

<section name = "Performance Estimates" level="0">
<item name = "Timing (ns)">
<section name = "" level="1">
<item name = "Summary"><table name="" hasTotal="0">
<keys size="4">Clock, Target, Estimated, Uncertainty</keys>
<column name="default">20.00, 31.94, 2.50</column>
</table>
</item>
</section>
</item>
<item name = "Latency (clock cycles)">
<section name = "" level="1">
<item name = "Summary"><table name="" hasTotal="0">
<keys size="6">, min, max, min, max, Type</keys>
<column name="">3, 3, 1, 1, function</column>
</table>
</item>
<item name = "Detail">
<section name = "" level="1">
<item name = "Instance"><table name="" hasTotal="0">
<keys size="7">Instance, Module, min, max, min, max, Type</keys>
</table>
</item>
<item name = "Loop"><table name="" hasTotal="0">
<keys size="8">Loop Name, min, max, Latency, achieved, target, Count, Pipelined</keys>
</table>
</item>
</section>
</item>
</section>
</item>
</section>

<section name = "Utilization Estimates" level="0">
<item name = "Summary"><table name="" hasTotal="1">
<keys size="5">Name, BRAM_18K, DSP48E, FF, LUT</keys>
<column name="Expression">-, -, 0, 1311</column>
<column name="FIFO">-, -, -, -</column>
<column name="Instance">-, -, -, -</column>
<column name="Memory">-, -, -, -</column>
<column name="Multiplexer">-, -, -, 5142</column>
<column name="Register">-, -, 2081, -</column>
<specialColumn name="Available">280, 220, 106400, 53200</specialColumn>
<specialColumn name="Utilization (%)">0, 0, 1, 12</specialColumn>
</table>
</item>
<item name = "Detail">
<section name = "" level="1">
<item name = "Instance"><table name="" hasTotal="1">
<keys size="6">Instance, Module, BRAM_18K, DSP48E, FF, LUT</keys>
</table>
</item>
<item name = "Memory"><table name="" hasTotal="1">
<keys size="9">Memory, Module, BRAM_18K, FF, LUT, Words, Bits, Banks, W*Bits*Banks</keys>
</table>
</item>
<item name = "FIFO"><table name="" hasTotal="1">
<keys size="7">Name, BRAM_18K, FF, LUT, Depth, Bits, Size:D*B</keys>
</table>
</item>
<item name = "Expression"><table name="" hasTotal="1">
<keys size="7">Variable Name, Operation, DSP48E, FF, LUT, Bitwidth P0, Bitwidth P1</keys>
<column name="cur_strm_load_op_fu_48252_p2">+, 0, 0, 16, 16, 1</column>
<column name="tmp_10_fu_48431_p2">+, 0, 0, 16, 16, 1</column>
<column name="tmp_14_fu_48466_p2">+, 0, 0, 16, 16, 1</column>
<column name="tmp_19_fu_48503_p2">+, 0, 0, 16, 16, 1</column>
<column name="tmp_1_fu_48277_p2">+, 0, 0, 16, 16, 1</column>
<column name="tmp_31_fu_47736_p2">+, 0, 0, 5, 5, 1</column>
<column name="tmp_53_fu_47178_p2">+, 0, 0, 5, 5, 1</column>
<column name="tmp_6_fu_48265_p2">+, 0, 0, 8, 8, 1</column>
<column name="tmp_s_fu_48358_p2">+, 0, 0, 16, 16, 1</column>
<column name="tmp_27_fu_47706_p2">-, 0, 0, 5, 4, 5</column>
<column name="tmp_49_fu_47148_p2">-, 0, 0, 5, 4, 5</column>
<column name="tmp_4_fu_47099_p2">-, 0, 0, 9, 1, 9</column>
<column name="nb_eol_new_1_fu_48529_p3">Select, 0, 0, 16, 1, 1</column>
<column name="p_cur_trans2_loc_fu_48561_p3">Select, 0, 0, 16, 1, 1</column>
<column name="p_cur_trans3_loc_fu_48599_p3">Select, 0, 0, 16, 1, 1</column>
<column name="p_cur_trans_load_fu_32060_p3">Select, 0, 0, 16, 1, 1</column>
<column name="p_nb_eol2_load_fu_32053_p3">Select, 0, 0, 16, 1, 1</column>
<column name="p_tmp_5_fu_48379_p3">Select, 0, 0, 16, 1, 1</column>
<column name="p_tmp_6_fu_48298_p3">Select, 0, 0, 8, 1, 1</column>
<column name="tmp_10_cur_trans_load_fu_48306_p3">Select, 0, 0, 16, 1, 16</column>
<column name="tmp_10_s_fu_48289_p3">Select, 0, 0, 16, 1, 16</column>
<column name="tmp_15_s_fu_48370_p3">Select, 0, 0, 16, 1, 16</column>
<column name="tmp_28_fu_47712_p3">Select, 0, 0, 5, 1, 5</column>
<column name="tmp_28_nb_eol_load_fu_48509_p3">Select, 0, 0, 16, 1, 16</column>
<column name="tmp_29_fu_47720_p3">Select, 0, 0, 5, 1, 5</column>
<column name="tmp_30_fu_47728_p3">Select, 0, 0, 5, 1, 5</column>
<column name="tmp_37_fu_47770_p3">Select, 0, 0, 16, 1, 16</column>
<column name="tmp_50_fu_47154_p3">Select, 0, 0, 5, 1, 5</column>
<column name="tmp_51_fu_47162_p3">Select, 0, 0, 5, 1, 5</column>
<column name="tmp_52_fu_47170_p3">Select, 0, 0, 5, 1, 5</column>
<column name="tmp_59_fu_47212_p3">Select, 0, 0, 16, 1, 16</column>
<column name="tmp_5_fu_48258_p3">Select, 0, 0, 16, 1, 1</column>
<column name="ap_sig_bdd_16347">and, 0, 0, 1, 1, 1</column>
<column name="ap_sig_bdd_16983">and, 0, 0, 1, 1, 1</column>
<column name="ap_sig_bdd_17365">and, 0, 0, 1, 1, 1</column>
<column name="ap_sig_bdd_17374">and, 0, 0, 1, 1, 1</column>
<column name="ap_sig_bdd_17599">and, 0, 0, 1, 1, 1</column>
<column name="ap_sig_bdd_17600">and, 0, 0, 1, 1, 1</column>
<column name="ap_sig_bdd_18037">and, 0, 0, 1, 1, 1</column>
<column name="ap_sig_bdd_18038">and, 0, 0, 1, 1, 1</column>
<column name="ap_sig_bdd_18041">and, 0, 0, 1, 1, 1</column>
<column name="ap_sig_bdd_18043">and, 0, 0, 1, 1, 1</column>
<column name="ap_sig_bdd_18107">and, 0, 0, 1, 1, 1</column>
<column name="ap_sig_bdd_18111">and, 0, 0, 1, 1, 1</column>
<column name="ap_sig_bdd_18113">and, 0, 0, 1, 1, 1</column>
<column name="ap_sig_bdd_18115">and, 0, 0, 1, 1, 1</column>
<column name="ap_sig_bdd_18117">and, 0, 0, 1, 1, 1</column>
<column name="ap_sig_bdd_18119">and, 0, 0, 1, 1, 1</column>
<column name="ap_sig_bdd_18121">and, 0, 0, 1, 1, 1</column>
<column name="ap_sig_bdd_18123">and, 0, 0, 1, 1, 1</column>
<column name="ap_sig_bdd_18125">and, 0, 0, 1, 1, 1</column>
<column name="ap_sig_bdd_18127">and, 0, 0, 1, 1, 1</column>
<column name="ap_sig_bdd_18129">and, 0, 0, 1, 1, 1</column>
<column name="ap_sig_bdd_18131">and, 0, 0, 1, 1, 1</column>
<column name="ap_sig_bdd_18133">and, 0, 0, 1, 1, 1</column>
<column name="ap_sig_bdd_18135">and, 0, 0, 1, 1, 1</column>
<column name="ap_sig_bdd_18137">and, 0, 0, 1, 1, 1</column>
<column name="ap_sig_bdd_18139">and, 0, 0, 1, 1, 1</column>
<column name="ap_sig_bdd_18141">and, 0, 0, 1, 1, 1</column>
<column name="ap_sig_bdd_18143">and, 0, 0, 1, 1, 1</column>
<column name="ap_sig_bdd_18145">and, 0, 0, 1, 1, 1</column>
<column name="ap_sig_bdd_18147">and, 0, 0, 1, 1, 1</column>
<column name="ap_sig_bdd_18149">and, 0, 0, 1, 1, 1</column>
<column name="ap_sig_bdd_18151">and, 0, 0, 1, 1, 1</column>
<column name="ap_sig_bdd_18153">and, 0, 0, 1, 1, 1</column>
<column name="ap_sig_bdd_18155">and, 0, 0, 1, 1, 1</column>
<column name="ap_sig_bdd_18157">and, 0, 0, 1, 1, 1</column>
<column name="ap_sig_bdd_18159">and, 0, 0, 1, 1, 1</column>
<column name="ap_sig_bdd_18161">and, 0, 0, 1, 1, 1</column>
<column name="ap_sig_bdd_18163">and, 0, 0, 1, 1, 1</column>
<column name="ap_sig_bdd_18165">and, 0, 0, 1, 1, 1</column>
<column name="ap_sig_bdd_18167">and, 0, 0, 1, 1, 1</column>
<column name="ap_sig_bdd_18169">and, 0, 0, 1, 1, 1</column>
<column name="ap_sig_bdd_18171">and, 0, 0, 1, 1, 1</column>
<column name="ap_sig_bdd_18173">and, 0, 0, 1, 1, 1</column>
<column name="ap_sig_bdd_18175">and, 0, 0, 1, 1, 1</column>
<column name="ap_sig_bdd_18177">and, 0, 0, 1, 1, 1</column>
<column name="ap_sig_bdd_18179">and, 0, 0, 1, 1, 1</column>
<column name="ap_sig_bdd_18181">and, 0, 0, 1, 1, 1</column>
<column name="ap_sig_bdd_18183">and, 0, 0, 1, 1, 1</column>
<column name="ap_sig_bdd_18185">and, 0, 0, 1, 1, 1</column>
<column name="ap_sig_bdd_18187">and, 0, 0, 1, 1, 1</column>
<column name="ap_sig_bdd_18189">and, 0, 0, 1, 1, 1</column>
<column name="ap_sig_bdd_18191">and, 0, 0, 1, 1, 1</column>
<column name="ap_sig_bdd_18193">and, 0, 0, 1, 1, 1</column>
<column name="ap_sig_bdd_18195">and, 0, 0, 1, 1, 1</column>
<column name="ap_sig_bdd_18197">and, 0, 0, 1, 1, 1</column>
<column name="ap_sig_bdd_18199">and, 0, 0, 1, 1, 1</column>
<column name="ap_sig_bdd_18201">and, 0, 0, 1, 1, 1</column>
<column name="ap_sig_bdd_18203">and, 0, 0, 1, 1, 1</column>
<column name="ap_sig_bdd_18205">and, 0, 0, 1, 1, 1</column>
<column name="ap_sig_bdd_18207">and, 0, 0, 1, 1, 1</column>
<column name="ap_sig_bdd_18209">and, 0, 0, 1, 1, 1</column>
<column name="ap_sig_bdd_18211">and, 0, 0, 1, 1, 1</column>
<column name="ap_sig_bdd_18213">and, 0, 0, 1, 1, 1</column>
<column name="ap_sig_bdd_18215">and, 0, 0, 1, 1, 1</column>
<column name="ap_sig_bdd_18217">and, 0, 0, 1, 1, 1</column>
<column name="ap_sig_bdd_18219">and, 0, 0, 1, 1, 1</column>
<column name="ap_sig_bdd_18221">and, 0, 0, 1, 1, 1</column>
<column name="ap_sig_bdd_18223">and, 0, 0, 1, 1, 1</column>
<column name="ap_sig_bdd_18225">and, 0, 0, 1, 1, 1</column>
<column name="ap_sig_bdd_18285">and, 0, 0, 1, 1, 1</column>
<column name="ap_sig_bdd_18287">and, 0, 0, 1, 1, 1</column>
<column name="ap_sig_bdd_18290">and, 0, 0, 1, 1, 1</column>
<column name="ap_sig_bdd_18292">and, 0, 0, 1, 1, 1</column>
<column name="ap_sig_bdd_18294">and, 0, 0, 1, 1, 1</column>
<column name="ap_sig_bdd_18296">and, 0, 0, 1, 1, 1</column>
<column name="ap_sig_bdd_18298">and, 0, 0, 1, 1, 1</column>
<column name="ap_sig_bdd_18300">and, 0, 0, 1, 1, 1</column>
<column name="ap_sig_bdd_18302">and, 0, 0, 1, 1, 1</column>
<column name="ap_sig_bdd_18304">and, 0, 0, 1, 1, 1</column>
<column name="ap_sig_bdd_18306">and, 0, 0, 1, 1, 1</column>
<column name="ap_sig_bdd_18308">and, 0, 0, 1, 1, 1</column>
<column name="ap_sig_bdd_18310">and, 0, 0, 1, 1, 1</column>
<column name="ap_sig_bdd_18312">and, 0, 0, 1, 1, 1</column>
<column name="ap_sig_bdd_18314">and, 0, 0, 1, 1, 1</column>
<column name="ap_sig_bdd_18316">and, 0, 0, 1, 1, 1</column>
<column name="ap_sig_bdd_18318">and, 0, 0, 1, 1, 1</column>
<column name="ap_sig_bdd_18320">and, 0, 0, 1, 1, 1</column>
<column name="ap_sig_bdd_18322">and, 0, 0, 1, 1, 1</column>
<column name="ap_sig_bdd_18324">and, 0, 0, 1, 1, 1</column>
<column name="ap_sig_bdd_18326">and, 0, 0, 1, 1, 1</column>
<column name="ap_sig_bdd_18328">and, 0, 0, 1, 1, 1</column>
<column name="ap_sig_bdd_18330">and, 0, 0, 1, 1, 1</column>
<column name="ap_sig_bdd_18332">and, 0, 0, 1, 1, 1</column>
<column name="ap_sig_bdd_18334">and, 0, 0, 1, 1, 1</column>
<column name="ap_sig_bdd_18336">and, 0, 0, 1, 1, 1</column>
<column name="ap_sig_bdd_18338">and, 0, 0, 1, 1, 1</column>
<column name="ap_sig_bdd_18340">and, 0, 0, 1, 1, 1</column>
<column name="ap_sig_bdd_18342">and, 0, 0, 1, 1, 1</column>
<column name="ap_sig_bdd_18344">and, 0, 0, 1, 1, 1</column>
<column name="ap_sig_bdd_18346">and, 0, 0, 1, 1, 1</column>
<column name="ap_sig_bdd_18348">and, 0, 0, 1, 1, 1</column>
<column name="ap_sig_bdd_18350">and, 0, 0, 1, 1, 1</column>
<column name="ap_sig_bdd_18352">and, 0, 0, 1, 1, 1</column>
<column name="ap_sig_bdd_18354">and, 0, 0, 1, 1, 1</column>
<column name="ap_sig_bdd_18356">and, 0, 0, 1, 1, 1</column>
<column name="ap_sig_bdd_18358">and, 0, 0, 1, 1, 1</column>
<column name="ap_sig_bdd_18360">and, 0, 0, 1, 1, 1</column>
<column name="ap_sig_bdd_18362">and, 0, 0, 1, 1, 1</column>
<column name="ap_sig_bdd_18364">and, 0, 0, 1, 1, 1</column>
<column name="ap_sig_bdd_18366">and, 0, 0, 1, 1, 1</column>
<column name="ap_sig_bdd_18368">and, 0, 0, 1, 1, 1</column>
<column name="ap_sig_bdd_18370">and, 0, 0, 1, 1, 1</column>
<column name="ap_sig_bdd_18372">and, 0, 0, 1, 1, 1</column>
<column name="ap_sig_bdd_18374">and, 0, 0, 1, 1, 1</column>
<column name="ap_sig_bdd_18376">and, 0, 0, 1, 1, 1</column>
<column name="ap_sig_bdd_18378">and, 0, 0, 1, 1, 1</column>
<column name="ap_sig_bdd_18380">and, 0, 0, 1, 1, 1</column>
<column name="ap_sig_bdd_18382">and, 0, 0, 1, 1, 1</column>
<column name="ap_sig_bdd_18384">and, 0, 0, 1, 1, 1</column>
<column name="ap_sig_bdd_18386">and, 0, 0, 1, 1, 1</column>
<column name="ap_sig_bdd_18388">and, 0, 0, 1, 1, 1</column>
<column name="ap_sig_bdd_18390">and, 0, 0, 1, 1, 1</column>
<column name="ap_sig_bdd_18392">and, 0, 0, 1, 1, 1</column>
<column name="ap_sig_bdd_18394">and, 0, 0, 1, 1, 1</column>
<column name="ap_sig_bdd_18396">and, 0, 0, 1, 1, 1</column>
<column name="ap_sig_bdd_18398">and, 0, 0, 1, 1, 1</column>
<column name="ap_sig_bdd_18400">and, 0, 0, 1, 1, 1</column>
<column name="ap_sig_bdd_18402">and, 0, 0, 1, 1, 1</column>
<column name="ap_sig_bdd_18404">and, 0, 0, 1, 1, 1</column>
<column name="ap_sig_bdd_18464">and, 0, 0, 1, 1, 1</column>
<column name="ap_sig_bdd_18466">and, 0, 0, 1, 1, 1</column>
<column name="ap_sig_bdd_770">and, 0, 0, 1, 1, 1</column>
<column name="ap_sig_bdd_771">and, 0, 0, 1, 1, 1</column>
<column name="p_buff_in_load_fu_32067_p2">and, 0, 0, 1, 1, 1</column>
<column name="tmp_42_fu_47808_p2">and, 0, 0, 20, 16, 16</column>
<column name="tmp_43_fu_47814_p2">and, 0, 0, 20, 16, 16</column>
<column name="tmp_44_fu_47820_p2">and, 0, 0, 20, 16, 16</column>
<column name="tmp_64_fu_47250_p2">and, 0, 0, 20, 16, 16</column>
<column name="tmp_65_fu_47256_p2">and, 0, 0, 20, 16, 16</column>
<column name="tmp_66_fu_47262_p2">and, 0, 0, 20, 16, 16</column>
<column name="grp_fu_32019_p2">icmp, 0, 0, 14, 12, 12</column>
<column name="tmp_12_fu_48444_p2">icmp, 0, 0, 20, 16, 1</column>
<column name="tmp_13_fu_48456_p2">icmp, 0, 0, 20, 16, 6</column>
<column name="tmp_16_fu_48479_p2">icmp, 0, 0, 20, 16, 1</column>
<column name="tmp_17_fu_48485_p2">icmp, 0, 0, 20, 16, 7</column>
<column name="tmp_18_fu_48491_p2">icmp, 0, 0, 20, 16, 7</column>
<column name="tmp_20_fu_48517_p2">icmp, 0, 0, 20, 16, 9</column>
<column name="tmp_3_fu_48314_p2">icmp, 0, 0, 20, 16, 6</column>
<column name="tmp_7_fu_48271_p2">icmp, 0, 0, 8, 8, 2</column>
<column name="tmp_8_fu_48352_p2">icmp, 0, 0, 20, 16, 7</column>
<column name="tmp_9_fu_48421_p2">icmp, 0, 0, 20, 16, 6</column>
<column name="tmp_fu_32073_p2">icmp, 0, 0, 20, 16, 9</column>
<column name="Hi_assign_2_fu_47122_p2">or, 0, 0, 14, 12, 3</column>
<column name="brmerge_i_fu_48619_p2">or, 0, 0, 1, 1, 1</column>
<column name="buff_full1_load_s_fu_48338_p2">or, 0, 0, 1, 1, 1</column>
<column name="nb_eol_flag_1_fu_48523_p2">or, 0, 0, 1, 1, 1</column>
<column name="not_buff_in_load_fu_48332_p2">or, 0, 0, 1, 1, 1</column>
<column name="or_cond_i_fu_48497_p2">or, 0, 0, 1, 1, 1</column>
<column name="p_1_fu_48364_p2">or, 0, 0, 1, 1, 1</column>
<column name="p_Result_1_fu_47268_p2">or, 0, 0, 20, 16, 16</column>
<column name="p_Result_s_fu_47826_p2">or, 0, 0, 20, 16, 16</column>
<column name="p_buff_full1_flag_2_fu_48543_p2">or, 0, 0, 1, 1, 1</column>
<column name="p_buff_full2_flag_2_fu_48581_p2">or, 0, 0, 1, 1, 1</column>
<column name="p_buff_full2_load_fu_48345_p2">or, 0, 0, 1, 1, 1</column>
<column name="p_cur_trans2_flag_fu_48555_p2">or, 0, 0, 1, 1, 1</column>
<column name="p_cur_trans3_flag_fu_48593_p2">or, 0, 0, 1, 1, 1</column>
<column name="p_s_fu_48283_p2">or, 0, 0, 1, 1, 1</column>
<column name="tmp_11_fu_48438_p2">or, 0, 0, 20, 16, 16</column>
<column name="tmp_15_fu_48473_p2">or, 0, 0, 20, 16, 16</column>
<column name="tmp_41_fu_47796_p2">or, 0, 0, 20, 16, 16</column>
<column name="tmp_63_fu_47238_p2">or, 0, 0, 20, 16, 16</column>
<column name="tmp_35_fu_47754_p2">shl, 0, 0, 37, 16, 16</column>
<column name="tmp_38_fu_47778_p2">shl, 0, 0, 37, 2, 16</column>
<column name="tmp_40_fu_47790_p2">shl, 0, 0, 37, 2, 16</column>
<column name="tmp_57_fu_47196_p2">shl, 0, 0, 37, 16, 16</column>
<column name="tmp_60_fu_47220_p2">shl, 0, 0, 37, 2, 16</column>
<column name="tmp_62_fu_47232_p2">shl, 0, 0, 37, 2, 16</column>
<column name="buff_in_load_not_fu_48326_p2">xor, 0, 0, 2, 1, 2</column>
<column name="not_sof2_fu_32031_p2">xor, 0, 0, 2, 1, 2</column>
<column name="not_tmp_1_fu_48587_p2">xor, 0, 0, 2, 1, 2</column>
<column name="not_tmp_s_fu_48549_p2">xor, 0, 0, 2, 1, 2</column>
<column name="p_not1_fu_47802_p2">xor, 0, 0, 20, 16, 2</column>
<column name="p_not_fu_47244_p2">xor, 0, 0, 20, 16, 2</column>
<column name="tmp_39_fu_47784_p2">xor, 0, 0, 20, 16, 2</column>
<column name="tmp_61_fu_47226_p2">xor, 0, 0, 20, 16, 2</column>
</table>
</item>
<item name = "Multiplexer"><table name="" hasTotal="1">
<keys size="5">Name, LUT, Input Size, Bits, Total Bits</keys>
<column name="ap_reg_phiprechg_p_0156_0_i_reg_32005pp0_it3">1, 3, 1, 3</column>
<column name="ap_reg_phiprechg_sof_sig_tmp_V_reg_31981pp0_it2">1, 3, 1, 3</column>
<column name="ap_reg_phiprechg_tmp_V_reg_31992pp0_it2">16, 3, 16, 48</column>
<column name="ap_sig_ioackin_dst_V_V_TREADY">1, 2, 1, 2</column>
<column name="buff_full1_loc_1_phi_fu_30198_p4">1, 3, 1, 3</column>
<column name="buff_full1_loc_2_phi_fu_30311_p4">1, 3, 1, 3</column>
<column name="buff_full1_loc_2_reg_30308">1, 3, 1, 3</column>
<column name="buff_full2_flag_1_phi_fu_30207_p4">1, 3, 1, 3</column>
<column name="buff_full2_flag_2_phi_fu_30322_p4">1, 3, 1, 3</column>
<column name="buff_full2_loc_1_phi_fu_30217_p4">1, 3, 1, 3</column>
<column name="buff_full2_loc_2_phi_fu_30333_p4">1, 3, 1, 3</column>
<column name="buff_full2_loc_2_reg_30330">1, 3, 1, 3</column>
<column name="buff_in_flag_1_phi_fu_30178_p4">1, 3, 1, 3</column>
<column name="buff_in_flag_2_phi_fu_30289_p4">1, 3, 1, 3</column>
<column name="buff_in_new_1_phi_fu_30188_p4">1, 3, 1, 3</column>
<column name="buff_in_new_2_phi_fu_30300_p4">1, 3, 1, 3</column>
<column name="cur_strm_flag_2_phi_fu_30246_p4">1, 3, 1, 3</column>
<column name="cur_strm_new_2_phi_fu_30257_p4">16, 3, 16, 48</column>
<column name="cur_trans2_flag_phi_fu_31732_p4">1, 3, 1, 3</column>
<column name="cur_trans2_loc_phi_fu_31743_p4">16, 3, 16, 48</column>
<column name="cur_trans3_flag_phi_fu_31964_p4">1, 3, 1, 3</column>
<column name="cur_trans3_loc_phi_fu_31975_p4">16, 3, 16, 48</column>
<column name="cur_trans_flag_2_phi_fu_30158_p4">1, 3, 1, 3</column>
<column name="cur_trans_flag_3_phi_fu_30267_p4">1, 3, 1, 3</column>
<column name="cur_trans_new_2_phi_fu_30168_p4">16, 3, 16, 48</column>
<column name="cur_trans_new_3_phi_fu_30278_p4">16, 3, 16, 48</column>
<column name="linebuffer1b_V_0_loc_1_phi_fu_758_p240">16, 3, 16, 48</column>
<column name="linebuffer1b_V_0_loc_2_phi_fu_30344_p4">16, 3, 16, 48</column>
<column name="linebuffer1b_V_10_loc_1_phi_fu_3208_p240">16, 3, 16, 48</column>
<column name="linebuffer1b_V_10_loc_2_phi_fu_30444_p4">16, 3, 16, 48</column>
<column name="linebuffer1b_V_11_loc_1_phi_fu_3453_p240">16, 3, 16, 48</column>
<column name="linebuffer1b_V_11_loc_2_phi_fu_30454_p4">16, 3, 16, 48</column>
<column name="linebuffer1b_V_12_loc_1_phi_fu_3698_p240">16, 3, 16, 48</column>
<column name="linebuffer1b_V_12_loc_2_phi_fu_30464_p4">16, 3, 16, 48</column>
<column name="linebuffer1b_V_13_loc_1_phi_fu_3943_p240">16, 3, 16, 48</column>
<column name="linebuffer1b_V_13_loc_2_phi_fu_30474_p4">16, 3, 16, 48</column>
<column name="linebuffer1b_V_14_loc_1_phi_fu_4188_p240">16, 3, 16, 48</column>
<column name="linebuffer1b_V_14_loc_2_phi_fu_30484_p4">16, 3, 16, 48</column>
<column name="linebuffer1b_V_15_loc_1_phi_fu_4433_p240">16, 3, 16, 48</column>
<column name="linebuffer1b_V_15_loc_2_phi_fu_30494_p4">16, 3, 16, 48</column>
<column name="linebuffer1b_V_16_loc_1_phi_fu_4678_p240">16, 3, 16, 48</column>
<column name="linebuffer1b_V_16_loc_2_phi_fu_30504_p4">16, 3, 16, 48</column>
<column name="linebuffer1b_V_17_loc_1_phi_fu_4923_p240">16, 3, 16, 48</column>
<column name="linebuffer1b_V_17_loc_2_phi_fu_30514_p4">16, 3, 16, 48</column>
<column name="linebuffer1b_V_18_loc_1_phi_fu_5168_p240">16, 3, 16, 48</column>
<column name="linebuffer1b_V_18_loc_2_phi_fu_30524_p4">16, 3, 16, 48</column>
<column name="linebuffer1b_V_19_loc_1_phi_fu_5413_p240">16, 3, 16, 48</column>
<column name="linebuffer1b_V_19_loc_2_phi_fu_30534_p4">16, 3, 16, 48</column>
<column name="linebuffer1b_V_1_loc_1_phi_fu_1003_p240">16, 3, 16, 48</column>
<column name="linebuffer1b_V_1_loc_2_phi_fu_30354_p4">16, 3, 16, 48</column>
<column name="linebuffer1b_V_20_loc_1_phi_fu_5658_p240">16, 3, 16, 48</column>
<column name="linebuffer1b_V_20_loc_2_phi_fu_30544_p4">16, 3, 16, 48</column>
<column name="linebuffer1b_V_21_loc_1_phi_fu_5903_p240">16, 3, 16, 48</column>
<column name="linebuffer1b_V_21_loc_2_phi_fu_30554_p4">16, 3, 16, 48</column>
<column name="linebuffer1b_V_22_loc_1_phi_fu_6148_p240">16, 3, 16, 48</column>
<column name="linebuffer1b_V_22_loc_2_phi_fu_30564_p4">16, 3, 16, 48</column>
<column name="linebuffer1b_V_23_loc_1_phi_fu_6393_p240">16, 3, 16, 48</column>
<column name="linebuffer1b_V_23_loc_2_phi_fu_30574_p4">16, 3, 16, 48</column>
<column name="linebuffer1b_V_24_loc_1_phi_fu_6638_p240">16, 3, 16, 48</column>
<column name="linebuffer1b_V_24_loc_2_phi_fu_30584_p4">16, 3, 16, 48</column>
<column name="linebuffer1b_V_25_loc_1_phi_fu_6883_p240">16, 3, 16, 48</column>
<column name="linebuffer1b_V_25_loc_2_phi_fu_30594_p4">16, 3, 16, 48</column>
<column name="linebuffer1b_V_26_loc_1_phi_fu_7128_p240">16, 3, 16, 48</column>
<column name="linebuffer1b_V_26_loc_2_phi_fu_30604_p4">16, 3, 16, 48</column>
<column name="linebuffer1b_V_27_loc_1_phi_fu_7373_p240">16, 3, 16, 48</column>
<column name="linebuffer1b_V_27_loc_2_phi_fu_30614_p4">16, 3, 16, 48</column>
<column name="linebuffer1b_V_28_loc_1_phi_fu_7618_p240">16, 3, 16, 48</column>
<column name="linebuffer1b_V_28_loc_2_phi_fu_30624_p4">16, 3, 16, 48</column>
<column name="linebuffer1b_V_29_loc_1_phi_fu_7863_p240">16, 3, 16, 48</column>
<column name="linebuffer1b_V_29_loc_2_phi_fu_30634_p4">16, 3, 16, 48</column>
<column name="linebuffer1b_V_2_loc_1_phi_fu_1248_p240">16, 3, 16, 48</column>
<column name="linebuffer1b_V_2_loc_2_phi_fu_30364_p4">16, 3, 16, 48</column>
<column name="linebuffer1b_V_30_loc_1_phi_fu_8108_p240">16, 3, 16, 48</column>
<column name="linebuffer1b_V_30_loc_2_phi_fu_30644_p4">16, 3, 16, 48</column>
<column name="linebuffer1b_V_31_loc_1_phi_fu_8353_p240">16, 3, 16, 48</column>
<column name="linebuffer1b_V_31_loc_2_phi_fu_30654_p4">16, 3, 16, 48</column>
<column name="linebuffer1b_V_32_loc_1_phi_fu_8598_p240">16, 3, 16, 48</column>
<column name="linebuffer1b_V_32_loc_2_phi_fu_30664_p4">16, 3, 16, 48</column>
<column name="linebuffer1b_V_33_loc_1_phi_fu_8843_p240">16, 3, 16, 48</column>
<column name="linebuffer1b_V_33_loc_2_phi_fu_30674_p4">16, 3, 16, 48</column>
<column name="linebuffer1b_V_34_loc_1_phi_fu_9088_p240">16, 3, 16, 48</column>
<column name="linebuffer1b_V_34_loc_2_phi_fu_30684_p4">16, 3, 16, 48</column>
<column name="linebuffer1b_V_35_loc_1_phi_fu_9333_p240">16, 3, 16, 48</column>
<column name="linebuffer1b_V_35_loc_2_phi_fu_30694_p4">16, 3, 16, 48</column>
<column name="linebuffer1b_V_36_loc_1_phi_fu_9578_p240">16, 3, 16, 48</column>
<column name="linebuffer1b_V_36_loc_2_phi_fu_30704_p4">16, 3, 16, 48</column>
<column name="linebuffer1b_V_37_loc_1_phi_fu_9823_p240">16, 3, 16, 48</column>
<column name="linebuffer1b_V_37_loc_2_phi_fu_30714_p4">16, 3, 16, 48</column>
<column name="linebuffer1b_V_38_loc_1_phi_fu_10068_p240">16, 3, 16, 48</column>
<column name="linebuffer1b_V_38_loc_2_phi_fu_30724_p4">16, 3, 16, 48</column>
<column name="linebuffer1b_V_39_loc_1_phi_fu_10313_p240">16, 3, 16, 48</column>
<column name="linebuffer1b_V_39_loc_2_phi_fu_30734_p4">16, 3, 16, 48</column>
<column name="linebuffer1b_V_3_loc_1_phi_fu_1493_p240">16, 3, 16, 48</column>
<column name="linebuffer1b_V_3_loc_2_phi_fu_30374_p4">16, 3, 16, 48</column>
<column name="linebuffer1b_V_40_loc_1_phi_fu_10558_p240">16, 3, 16, 48</column>
<column name="linebuffer1b_V_40_loc_2_phi_fu_30744_p4">16, 3, 16, 48</column>
<column name="linebuffer1b_V_41_loc_1_phi_fu_10803_p240">16, 3, 16, 48</column>
<column name="linebuffer1b_V_41_loc_2_phi_fu_30754_p4">16, 3, 16, 48</column>
<column name="linebuffer1b_V_42_loc_1_phi_fu_11048_p240">16, 3, 16, 48</column>
<column name="linebuffer1b_V_42_loc_2_phi_fu_30764_p4">16, 3, 16, 48</column>
<column name="linebuffer1b_V_43_loc_1_phi_fu_11293_p240">16, 3, 16, 48</column>
<column name="linebuffer1b_V_43_loc_2_phi_fu_30774_p4">16, 3, 16, 48</column>
<column name="linebuffer1b_V_44_loc_1_phi_fu_11538_p240">16, 3, 16, 48</column>
<column name="linebuffer1b_V_44_loc_2_phi_fu_30784_p4">16, 3, 16, 48</column>
<column name="linebuffer1b_V_45_loc_1_phi_fu_11783_p240">16, 3, 16, 48</column>
<column name="linebuffer1b_V_45_loc_2_phi_fu_30794_p4">16, 3, 16, 48</column>
<column name="linebuffer1b_V_46_loc_1_phi_fu_12028_p240">16, 3, 16, 48</column>
<column name="linebuffer1b_V_46_loc_2_phi_fu_30804_p4">16, 3, 16, 48</column>
<column name="linebuffer1b_V_47_loc_1_phi_fu_12273_p240">16, 3, 16, 48</column>
<column name="linebuffer1b_V_47_loc_2_phi_fu_30814_p4">16, 3, 16, 48</column>
<column name="linebuffer1b_V_48_loc_1_phi_fu_12518_p240">16, 3, 16, 48</column>
<column name="linebuffer1b_V_48_loc_2_phi_fu_30824_p4">16, 3, 16, 48</column>
<column name="linebuffer1b_V_49_loc_1_phi_fu_12763_p240">16, 3, 16, 48</column>
<column name="linebuffer1b_V_49_loc_2_phi_fu_30834_p4">16, 3, 16, 48</column>
<column name="linebuffer1b_V_4_loc_1_phi_fu_1738_p240">16, 3, 16, 48</column>
<column name="linebuffer1b_V_4_loc_2_phi_fu_30384_p4">16, 3, 16, 48</column>
<column name="linebuffer1b_V_50_loc_1_phi_fu_13008_p240">16, 3, 16, 48</column>
<column name="linebuffer1b_V_50_loc_2_phi_fu_30844_p4">16, 3, 16, 48</column>
<column name="linebuffer1b_V_51_loc_1_phi_fu_13253_p240">16, 3, 16, 48</column>
<column name="linebuffer1b_V_51_loc_2_phi_fu_30854_p4">16, 3, 16, 48</column>
<column name="linebuffer1b_V_52_loc_1_phi_fu_13498_p240">16, 3, 16, 48</column>
<column name="linebuffer1b_V_52_loc_2_phi_fu_30864_p4">16, 3, 16, 48</column>
<column name="linebuffer1b_V_53_loc_1_phi_fu_13743_p240">16, 3, 16, 48</column>
<column name="linebuffer1b_V_53_loc_2_phi_fu_30874_p4">16, 3, 16, 48</column>
<column name="linebuffer1b_V_54_loc_1_phi_fu_13988_p240">16, 3, 16, 48</column>
<column name="linebuffer1b_V_54_loc_2_phi_fu_30884_p4">16, 3, 16, 48</column>
<column name="linebuffer1b_V_55_loc_1_phi_fu_14233_p240">16, 3, 16, 48</column>
<column name="linebuffer1b_V_55_loc_2_phi_fu_30894_p4">16, 3, 16, 48</column>
<column name="linebuffer1b_V_56_loc_1_phi_fu_14478_p240">16, 3, 16, 48</column>
<column name="linebuffer1b_V_56_loc_2_phi_fu_30904_p4">16, 3, 16, 48</column>
<column name="linebuffer1b_V_57_loc_1_phi_fu_14723_p240">16, 3, 16, 48</column>
<column name="linebuffer1b_V_57_loc_2_phi_fu_30914_p4">16, 3, 16, 48</column>
<column name="linebuffer1b_V_58_loc_1_phi_fu_14968_p240">16, 3, 16, 48</column>
<column name="linebuffer1b_V_58_loc_2_phi_fu_30924_p4">16, 3, 16, 48</column>
<column name="linebuffer1b_V_59_loc_1_phi_fu_15213_p240">16, 3, 16, 48</column>
<column name="linebuffer1b_V_59_loc_2_phi_fu_30934_p4">16, 3, 16, 48</column>
<column name="linebuffer1b_V_5_loc_1_phi_fu_1983_p240">16, 3, 16, 48</column>
<column name="linebuffer1b_V_5_loc_2_phi_fu_30394_p4">16, 3, 16, 48</column>
<column name="linebuffer1b_V_6_loc_1_phi_fu_2228_p240">16, 3, 16, 48</column>
<column name="linebuffer1b_V_6_loc_2_phi_fu_30404_p4">16, 3, 16, 48</column>
<column name="linebuffer1b_V_7_loc_1_phi_fu_2473_p240">16, 3, 16, 48</column>
<column name="linebuffer1b_V_7_loc_2_phi_fu_30414_p4">16, 3, 16, 48</column>
<column name="linebuffer1b_V_8_loc_1_phi_fu_2718_p240">16, 3, 16, 48</column>
<column name="linebuffer1b_V_8_loc_2_phi_fu_30424_p4">16, 3, 16, 48</column>
<column name="linebuffer1b_V_9_loc_1_phi_fu_2963_p240">16, 3, 16, 48</column>
<column name="linebuffer1b_V_9_loc_2_phi_fu_30434_p4">16, 3, 16, 48</column>
<column name="linebuffer2b_V_0_loc_1_phi_fu_15458_p240">16, 3, 16, 48</column>
<column name="linebuffer2b_V_0_loc_2_phi_fu_30944_p4">16, 3, 16, 48</column>
<column name="linebuffer2b_V_10_loc_1_phi_fu_17908_p240">16, 3, 16, 48</column>
<column name="linebuffer2b_V_10_loc_2_phi_fu_31044_p4">16, 3, 16, 48</column>
<column name="linebuffer2b_V_11_loc_1_phi_fu_18153_p240">16, 3, 16, 48</column>
<column name="linebuffer2b_V_11_loc_2_phi_fu_31054_p4">16, 3, 16, 48</column>
<column name="linebuffer2b_V_12_loc_1_phi_fu_18398_p240">16, 3, 16, 48</column>
<column name="linebuffer2b_V_12_loc_2_phi_fu_31064_p4">16, 3, 16, 48</column>
<column name="linebuffer2b_V_13_loc_1_phi_fu_18643_p240">16, 3, 16, 48</column>
<column name="linebuffer2b_V_13_loc_2_phi_fu_31074_p4">16, 3, 16, 48</column>
<column name="linebuffer2b_V_14_loc_1_phi_fu_18888_p240">16, 3, 16, 48</column>
<column name="linebuffer2b_V_14_loc_2_phi_fu_31084_p4">16, 3, 16, 48</column>
<column name="linebuffer2b_V_15_loc_1_phi_fu_19133_p240">16, 3, 16, 48</column>
<column name="linebuffer2b_V_15_loc_2_phi_fu_31094_p4">16, 3, 16, 48</column>
<column name="linebuffer2b_V_16_loc_1_phi_fu_19378_p240">16, 3, 16, 48</column>
<column name="linebuffer2b_V_16_loc_2_phi_fu_31104_p4">16, 3, 16, 48</column>
<column name="linebuffer2b_V_17_loc_1_phi_fu_19623_p240">16, 3, 16, 48</column>
<column name="linebuffer2b_V_17_loc_2_phi_fu_31114_p4">16, 3, 16, 48</column>
<column name="linebuffer2b_V_18_loc_1_phi_fu_19868_p240">16, 3, 16, 48</column>
<column name="linebuffer2b_V_18_loc_2_phi_fu_31124_p4">16, 3, 16, 48</column>
<column name="linebuffer2b_V_19_loc_1_phi_fu_20113_p240">16, 3, 16, 48</column>
<column name="linebuffer2b_V_19_loc_2_phi_fu_31134_p4">16, 3, 16, 48</column>
<column name="linebuffer2b_V_1_loc_1_phi_fu_15703_p240">16, 3, 16, 48</column>
<column name="linebuffer2b_V_1_loc_2_phi_fu_30954_p4">16, 3, 16, 48</column>
<column name="linebuffer2b_V_20_loc_1_phi_fu_20358_p240">16, 3, 16, 48</column>
<column name="linebuffer2b_V_20_loc_2_phi_fu_31144_p4">16, 3, 16, 48</column>
<column name="linebuffer2b_V_21_loc_1_phi_fu_20603_p240">16, 3, 16, 48</column>
<column name="linebuffer2b_V_21_loc_2_phi_fu_31154_p4">16, 3, 16, 48</column>
<column name="linebuffer2b_V_22_loc_1_phi_fu_20848_p240">16, 3, 16, 48</column>
<column name="linebuffer2b_V_22_loc_2_phi_fu_31164_p4">16, 3, 16, 48</column>
<column name="linebuffer2b_V_23_loc_1_phi_fu_21093_p240">16, 3, 16, 48</column>
<column name="linebuffer2b_V_23_loc_2_phi_fu_31174_p4">16, 3, 16, 48</column>
<column name="linebuffer2b_V_24_loc_1_phi_fu_21338_p240">16, 3, 16, 48</column>
<column name="linebuffer2b_V_24_loc_2_phi_fu_31184_p4">16, 3, 16, 48</column>
<column name="linebuffer2b_V_25_loc_1_phi_fu_21583_p240">16, 3, 16, 48</column>
<column name="linebuffer2b_V_25_loc_2_phi_fu_31194_p4">16, 3, 16, 48</column>
<column name="linebuffer2b_V_26_loc_1_phi_fu_21828_p240">16, 3, 16, 48</column>
<column name="linebuffer2b_V_26_loc_2_phi_fu_31204_p4">16, 3, 16, 48</column>
<column name="linebuffer2b_V_27_loc_1_phi_fu_22073_p240">16, 3, 16, 48</column>
<column name="linebuffer2b_V_27_loc_2_phi_fu_31214_p4">16, 3, 16, 48</column>
<column name="linebuffer2b_V_28_loc_1_phi_fu_22318_p240">16, 3, 16, 48</column>
<column name="linebuffer2b_V_28_loc_2_phi_fu_31224_p4">16, 3, 16, 48</column>
<column name="linebuffer2b_V_29_loc_1_phi_fu_22563_p240">16, 3, 16, 48</column>
<column name="linebuffer2b_V_29_loc_2_phi_fu_31234_p4">16, 3, 16, 48</column>
<column name="linebuffer2b_V_2_loc_1_phi_fu_15948_p240">16, 3, 16, 48</column>
<column name="linebuffer2b_V_2_loc_2_phi_fu_30964_p4">16, 3, 16, 48</column>
<column name="linebuffer2b_V_30_loc_1_phi_fu_22808_p240">16, 3, 16, 48</column>
<column name="linebuffer2b_V_30_loc_2_phi_fu_31244_p4">16, 3, 16, 48</column>
<column name="linebuffer2b_V_31_loc_1_phi_fu_23053_p240">16, 3, 16, 48</column>
<column name="linebuffer2b_V_31_loc_2_phi_fu_31254_p4">16, 3, 16, 48</column>
<column name="linebuffer2b_V_32_loc_1_phi_fu_23298_p240">16, 3, 16, 48</column>
<column name="linebuffer2b_V_32_loc_2_phi_fu_31264_p4">16, 3, 16, 48</column>
<column name="linebuffer2b_V_33_loc_1_phi_fu_23543_p240">16, 3, 16, 48</column>
<column name="linebuffer2b_V_33_loc_2_phi_fu_31274_p4">16, 3, 16, 48</column>
<column name="linebuffer2b_V_34_loc_1_phi_fu_23788_p240">16, 3, 16, 48</column>
<column name="linebuffer2b_V_34_loc_2_phi_fu_31284_p4">16, 3, 16, 48</column>
<column name="linebuffer2b_V_35_loc_1_phi_fu_24033_p240">16, 3, 16, 48</column>
<column name="linebuffer2b_V_35_loc_2_phi_fu_31294_p4">16, 3, 16, 48</column>
<column name="linebuffer2b_V_36_loc_1_phi_fu_24278_p240">16, 3, 16, 48</column>
<column name="linebuffer2b_V_36_loc_2_phi_fu_31304_p4">16, 3, 16, 48</column>
<column name="linebuffer2b_V_37_loc_1_phi_fu_24523_p240">16, 3, 16, 48</column>
<column name="linebuffer2b_V_37_loc_2_phi_fu_31314_p4">16, 3, 16, 48</column>
<column name="linebuffer2b_V_38_loc_1_phi_fu_24768_p240">16, 3, 16, 48</column>
<column name="linebuffer2b_V_38_loc_2_phi_fu_31324_p4">16, 3, 16, 48</column>
<column name="linebuffer2b_V_39_loc_1_phi_fu_25013_p240">16, 3, 16, 48</column>
<column name="linebuffer2b_V_39_loc_2_phi_fu_31334_p4">16, 3, 16, 48</column>
<column name="linebuffer2b_V_3_loc_1_phi_fu_16193_p240">16, 3, 16, 48</column>
<column name="linebuffer2b_V_3_loc_2_phi_fu_30974_p4">16, 3, 16, 48</column>
<column name="linebuffer2b_V_40_loc_1_phi_fu_25258_p240">16, 3, 16, 48</column>
<column name="linebuffer2b_V_40_loc_2_phi_fu_31344_p4">16, 3, 16, 48</column>
<column name="linebuffer2b_V_41_loc_1_phi_fu_25503_p240">16, 3, 16, 48</column>
<column name="linebuffer2b_V_41_loc_2_phi_fu_31354_p4">16, 3, 16, 48</column>
<column name="linebuffer2b_V_42_loc_1_phi_fu_25748_p240">16, 3, 16, 48</column>
<column name="linebuffer2b_V_42_loc_2_phi_fu_31364_p4">16, 3, 16, 48</column>
<column name="linebuffer2b_V_43_loc_1_phi_fu_25993_p240">16, 3, 16, 48</column>
<column name="linebuffer2b_V_43_loc_2_phi_fu_31374_p4">16, 3, 16, 48</column>
<column name="linebuffer2b_V_44_loc_1_phi_fu_26238_p240">16, 3, 16, 48</column>
<column name="linebuffer2b_V_44_loc_2_phi_fu_31384_p4">16, 3, 16, 48</column>
<column name="linebuffer2b_V_45_loc_1_phi_fu_26483_p240">16, 3, 16, 48</column>
<column name="linebuffer2b_V_45_loc_2_phi_fu_31394_p4">16, 3, 16, 48</column>
<column name="linebuffer2b_V_46_loc_1_phi_fu_26728_p240">16, 3, 16, 48</column>
<column name="linebuffer2b_V_46_loc_2_phi_fu_31404_p4">16, 3, 16, 48</column>
<column name="linebuffer2b_V_47_loc_1_phi_fu_26973_p240">16, 3, 16, 48</column>
<column name="linebuffer2b_V_47_loc_2_phi_fu_31414_p4">16, 3, 16, 48</column>
<column name="linebuffer2b_V_48_loc_1_phi_fu_27218_p240">16, 3, 16, 48</column>
<column name="linebuffer2b_V_48_loc_2_phi_fu_31424_p4">16, 3, 16, 48</column>
<column name="linebuffer2b_V_49_loc_1_phi_fu_27463_p240">16, 3, 16, 48</column>
<column name="linebuffer2b_V_49_loc_2_phi_fu_31434_p4">16, 3, 16, 48</column>
<column name="linebuffer2b_V_4_loc_1_phi_fu_16438_p240">16, 3, 16, 48</column>
<column name="linebuffer2b_V_4_loc_2_phi_fu_30984_p4">16, 3, 16, 48</column>
<column name="linebuffer2b_V_50_loc_1_phi_fu_27708_p240">16, 3, 16, 48</column>
<column name="linebuffer2b_V_50_loc_2_phi_fu_31444_p4">16, 3, 16, 48</column>
<column name="linebuffer2b_V_51_loc_1_phi_fu_27953_p240">16, 3, 16, 48</column>
<column name="linebuffer2b_V_51_loc_2_phi_fu_31454_p4">16, 3, 16, 48</column>
<column name="linebuffer2b_V_52_loc_1_phi_fu_28198_p240">16, 3, 16, 48</column>
<column name="linebuffer2b_V_52_loc_2_phi_fu_31464_p4">16, 3, 16, 48</column>
<column name="linebuffer2b_V_53_loc_1_phi_fu_28443_p240">16, 3, 16, 48</column>
<column name="linebuffer2b_V_53_loc_2_phi_fu_31474_p4">16, 3, 16, 48</column>
<column name="linebuffer2b_V_54_loc_1_phi_fu_28688_p240">16, 3, 16, 48</column>
<column name="linebuffer2b_V_54_loc_2_phi_fu_31484_p4">16, 3, 16, 48</column>
<column name="linebuffer2b_V_55_loc_1_phi_fu_28933_p240">16, 3, 16, 48</column>
<column name="linebuffer2b_V_55_loc_2_phi_fu_31494_p4">16, 3, 16, 48</column>
<column name="linebuffer2b_V_56_loc_1_phi_fu_29178_p240">16, 3, 16, 48</column>
<column name="linebuffer2b_V_56_loc_2_phi_fu_31504_p4">16, 3, 16, 48</column>
<column name="linebuffer2b_V_57_loc_1_phi_fu_29423_p240">16, 3, 16, 48</column>
<column name="linebuffer2b_V_57_loc_2_phi_fu_31514_p4">16, 3, 16, 48</column>
<column name="linebuffer2b_V_58_loc_1_phi_fu_29668_p240">16, 3, 16, 48</column>
<column name="linebuffer2b_V_58_loc_2_phi_fu_31524_p4">16, 3, 16, 48</column>
<column name="linebuffer2b_V_59_loc_1_phi_fu_29913_p240">16, 3, 16, 48</column>
<column name="linebuffer2b_V_59_loc_2_phi_fu_31534_p4">16, 3, 16, 48</column>
<column name="linebuffer2b_V_5_loc_1_phi_fu_16683_p240">16, 3, 16, 48</column>
<column name="linebuffer2b_V_5_loc_2_phi_fu_30994_p4">16, 3, 16, 48</column>
<column name="linebuffer2b_V_6_loc_1_phi_fu_16928_p240">16, 3, 16, 48</column>
<column name="linebuffer2b_V_6_loc_2_phi_fu_31004_p4">16, 3, 16, 48</column>
<column name="linebuffer2b_V_7_loc_1_phi_fu_17173_p240">16, 3, 16, 48</column>
<column name="linebuffer2b_V_7_loc_2_phi_fu_31014_p4">16, 3, 16, 48</column>
<column name="linebuffer2b_V_8_loc_1_phi_fu_17418_p240">16, 3, 16, 48</column>
<column name="linebuffer2b_V_8_loc_2_phi_fu_31024_p4">16, 3, 16, 48</column>
<column name="linebuffer2b_V_9_loc_1_phi_fu_17663_p240">16, 3, 16, 48</column>
<column name="linebuffer2b_V_9_loc_2_phi_fu_31034_p4">16, 3, 16, 48</column>
<column name="nb_eol2_flag_2_phi_fu_30226_p4">1, 3, 1, 3</column>
<column name="nb_eol2_new_2_phi_fu_30236_p4">16, 3, 16, 48</column>
<column name="p_0124_0_i_phi_fu_31763_p4">16, 3, 16, 48</column>
<column name="p_0128_1_i_phi_fu_31752_p4">1, 3, 1, 3</column>
<column name="p_Val2_1_phi_fu_508_p120">288, 61, 16, 976</column>
<column name="p_Val2_s_phi_fu_633_p120">288, 61, 16, 976</column>
<column name="tmpi_out_V_1_phi_fu_31775_p122">288, 62, 16, 992</column>
<column name="tmpi_out_V_phi_fu_31544_p122">288, 62, 16, 992</column>
</table>
</item>
<item name = "Register"><table name="" hasTotal="1">
<keys size="5">Name, FF, LUT, Bits, Const Bits</keys>
<column name="ap_CS_fsm">1, 0, 1, 0</column>
<column name="ap_reg_ioackin_dst_V_V_TREADY">1, 0, 1, 0</column>
<column name="ap_reg_ioackin_dst_valid_V_dummy_ack">1, 0, 1, 0</column>
<column name="ap_reg_ioackin_sof_sig_V_dummy_ack">1, 0, 1, 0</column>
<column name="ap_reg_phiprechg_p_0156_0_i_reg_32005pp0_it3">1, 0, 1, 0</column>
<column name="ap_reg_phiprechg_sof_sig_tmp_V_reg_31981pp0_it2">1, 0, 1, 0</column>
<column name="ap_reg_phiprechg_tmp_V_reg_31992pp0_it2">16, 0, 16, 0</column>
<column name="ap_reg_ppiten_pp0_it1">1, 0, 1, 0</column>
<column name="ap_reg_ppiten_pp0_it2">1, 0, 1, 0</column>
<column name="ap_reg_ppiten_pp0_it3">1, 0, 1, 0</column>
<column name="brmerge_i_reg_48699">1, 0, 1, 0</column>
<column name="buff_full1">1, 0, 1, 0</column>
<column name="buff_full1_loc_2_reg_30308">1, 0, 1, 0</column>
<column name="buff_full2">1, 0, 1, 0</column>
<column name="buff_full2_loc_2_reg_30330">1, 0, 1, 0</column>
<column name="buff_in">1, 0, 1, 0</column>
<column name="cur_range">8, 0, 8, 0</column>
<column name="cur_strm">16, 0, 16, 0</column>
<column name="cur_trans">16, 0, 16, 0</column>
<column name="cur_trans2">16, 0, 16, 0</column>
<column name="cur_trans3">16, 0, 16, 0</column>
<column name="linebuffer1b_V_0">16, 0, 16, 0</column>
<column name="linebuffer1b_V_1">16, 0, 16, 0</column>
<column name="linebuffer1b_V_10">16, 0, 16, 0</column>
<column name="linebuffer1b_V_11">16, 0, 16, 0</column>
<column name="linebuffer1b_V_12">16, 0, 16, 0</column>
<column name="linebuffer1b_V_13">16, 0, 16, 0</column>
<column name="linebuffer1b_V_14">16, 0, 16, 0</column>
<column name="linebuffer1b_V_15">16, 0, 16, 0</column>
<column name="linebuffer1b_V_16">16, 0, 16, 0</column>
<column name="linebuffer1b_V_17">16, 0, 16, 0</column>
<column name="linebuffer1b_V_18">16, 0, 16, 0</column>
<column name="linebuffer1b_V_19">16, 0, 16, 0</column>
<column name="linebuffer1b_V_2">16, 0, 16, 0</column>
<column name="linebuffer1b_V_20">16, 0, 16, 0</column>
<column name="linebuffer1b_V_21">16, 0, 16, 0</column>
<column name="linebuffer1b_V_22">16, 0, 16, 0</column>
<column name="linebuffer1b_V_23">16, 0, 16, 0</column>
<column name="linebuffer1b_V_24">16, 0, 16, 0</column>
<column name="linebuffer1b_V_25">16, 0, 16, 0</column>
<column name="linebuffer1b_V_26">16, 0, 16, 0</column>
<column name="linebuffer1b_V_27">16, 0, 16, 0</column>
<column name="linebuffer1b_V_28">16, 0, 16, 0</column>
<column name="linebuffer1b_V_29">16, 0, 16, 0</column>
<column name="linebuffer1b_V_3">16, 0, 16, 0</column>
<column name="linebuffer1b_V_30">16, 0, 16, 0</column>
<column name="linebuffer1b_V_31">16, 0, 16, 0</column>
<column name="linebuffer1b_V_32">16, 0, 16, 0</column>
<column name="linebuffer1b_V_33">16, 0, 16, 0</column>
<column name="linebuffer1b_V_34">16, 0, 16, 0</column>
<column name="linebuffer1b_V_35">16, 0, 16, 0</column>
<column name="linebuffer1b_V_36">16, 0, 16, 0</column>
<column name="linebuffer1b_V_37">16, 0, 16, 0</column>
<column name="linebuffer1b_V_38">16, 0, 16, 0</column>
<column name="linebuffer1b_V_39">16, 0, 16, 0</column>
<column name="linebuffer1b_V_4">16, 0, 16, 0</column>
<column name="linebuffer1b_V_40">16, 0, 16, 0</column>
<column name="linebuffer1b_V_41">16, 0, 16, 0</column>
<column name="linebuffer1b_V_42">16, 0, 16, 0</column>
<column name="linebuffer1b_V_43">16, 0, 16, 0</column>
<column name="linebuffer1b_V_44">16, 0, 16, 0</column>
<column name="linebuffer1b_V_45">16, 0, 16, 0</column>
<column name="linebuffer1b_V_46">16, 0, 16, 0</column>
<column name="linebuffer1b_V_47">16, 0, 16, 0</column>
<column name="linebuffer1b_V_48">16, 0, 16, 0</column>
<column name="linebuffer1b_V_49">16, 0, 16, 0</column>
<column name="linebuffer1b_V_5">16, 0, 16, 0</column>
<column name="linebuffer1b_V_50">16, 0, 16, 0</column>
<column name="linebuffer1b_V_51">16, 0, 16, 0</column>
<column name="linebuffer1b_V_52">16, 0, 16, 0</column>
<column name="linebuffer1b_V_53">16, 0, 16, 0</column>
<column name="linebuffer1b_V_54">16, 0, 16, 0</column>
<column name="linebuffer1b_V_55">16, 0, 16, 0</column>
<column name="linebuffer1b_V_56">16, 0, 16, 0</column>
<column name="linebuffer1b_V_57">16, 0, 16, 0</column>
<column name="linebuffer1b_V_58">16, 0, 16, 0</column>
<column name="linebuffer1b_V_59">16, 0, 16, 0</column>
<column name="linebuffer1b_V_6">16, 0, 16, 0</column>
<column name="linebuffer1b_V_7">16, 0, 16, 0</column>
<column name="linebuffer1b_V_8">16, 0, 16, 0</column>
<column name="linebuffer1b_V_9">16, 0, 16, 0</column>
<column name="linebuffer2b_V_0">16, 0, 16, 0</column>
<column name="linebuffer2b_V_1">16, 0, 16, 0</column>
<column name="linebuffer2b_V_10">16, 0, 16, 0</column>
<column name="linebuffer2b_V_11">16, 0, 16, 0</column>
<column name="linebuffer2b_V_12">16, 0, 16, 0</column>
<column name="linebuffer2b_V_13">16, 0, 16, 0</column>
<column name="linebuffer2b_V_14">16, 0, 16, 0</column>
<column name="linebuffer2b_V_15">16, 0, 16, 0</column>
<column name="linebuffer2b_V_16">16, 0, 16, 0</column>
<column name="linebuffer2b_V_17">16, 0, 16, 0</column>
<column name="linebuffer2b_V_18">16, 0, 16, 0</column>
<column name="linebuffer2b_V_19">16, 0, 16, 0</column>
<column name="linebuffer2b_V_2">16, 0, 16, 0</column>
<column name="linebuffer2b_V_20">16, 0, 16, 0</column>
<column name="linebuffer2b_V_21">16, 0, 16, 0</column>
<column name="linebuffer2b_V_22">16, 0, 16, 0</column>
<column name="linebuffer2b_V_23">16, 0, 16, 0</column>
<column name="linebuffer2b_V_24">16, 0, 16, 0</column>
<column name="linebuffer2b_V_25">16, 0, 16, 0</column>
<column name="linebuffer2b_V_26">16, 0, 16, 0</column>
<column name="linebuffer2b_V_27">16, 0, 16, 0</column>
<column name="linebuffer2b_V_28">16, 0, 16, 0</column>
<column name="linebuffer2b_V_29">16, 0, 16, 0</column>
<column name="linebuffer2b_V_3">16, 0, 16, 0</column>
<column name="linebuffer2b_V_30">16, 0, 16, 0</column>
<column name="linebuffer2b_V_31">16, 0, 16, 0</column>
<column name="linebuffer2b_V_32">16, 0, 16, 0</column>
<column name="linebuffer2b_V_33">16, 0, 16, 0</column>
<column name="linebuffer2b_V_34">16, 0, 16, 0</column>
<column name="linebuffer2b_V_35">16, 0, 16, 0</column>
<column name="linebuffer2b_V_36">16, 0, 16, 0</column>
<column name="linebuffer2b_V_37">16, 0, 16, 0</column>
<column name="linebuffer2b_V_38">16, 0, 16, 0</column>
<column name="linebuffer2b_V_39">16, 0, 16, 0</column>
<column name="linebuffer2b_V_4">16, 0, 16, 0</column>
<column name="linebuffer2b_V_40">16, 0, 16, 0</column>
<column name="linebuffer2b_V_41">16, 0, 16, 0</column>
<column name="linebuffer2b_V_42">16, 0, 16, 0</column>
<column name="linebuffer2b_V_43">16, 0, 16, 0</column>
<column name="linebuffer2b_V_44">16, 0, 16, 0</column>
<column name="linebuffer2b_V_45">16, 0, 16, 0</column>
<column name="linebuffer2b_V_46">16, 0, 16, 0</column>
<column name="linebuffer2b_V_47">16, 0, 16, 0</column>
<column name="linebuffer2b_V_48">16, 0, 16, 0</column>
<column name="linebuffer2b_V_49">16, 0, 16, 0</column>
<column name="linebuffer2b_V_5">16, 0, 16, 0</column>
<column name="linebuffer2b_V_50">16, 0, 16, 0</column>
<column name="linebuffer2b_V_51">16, 0, 16, 0</column>
<column name="linebuffer2b_V_52">16, 0, 16, 0</column>
<column name="linebuffer2b_V_53">16, 0, 16, 0</column>
<column name="linebuffer2b_V_54">16, 0, 16, 0</column>
<column name="linebuffer2b_V_55">16, 0, 16, 0</column>
<column name="linebuffer2b_V_56">16, 0, 16, 0</column>
<column name="linebuffer2b_V_57">16, 0, 16, 0</column>
<column name="linebuffer2b_V_58">16, 0, 16, 0</column>
<column name="linebuffer2b_V_59">16, 0, 16, 0</column>
<column name="linebuffer2b_V_6">16, 0, 16, 0</column>
<column name="linebuffer2b_V_7">16, 0, 16, 0</column>
<column name="linebuffer2b_V_8">16, 0, 16, 0</column>
<column name="linebuffer2b_V_9">16, 0, 16, 0</column>
<column name="nb_eol">16, 0, 16, 0</column>
<column name="nb_eol2">16, 0, 16, 0</column>
<column name="not_sof2_reg_48645">1, 0, 1, 0</column>
<column name="tmp_V_reg_31992">16, 0, 16, 0</column>
<column name="tmp_data_V_reg_48625">8, 0, 8, 0</column>
<column name="tmp_user_V_reg_48630">1, 0, 1, 0</column>
</table>
</item>
</section>
</item>
</section>

<section name = "Interface" level="0">
<item name = "Summary"><table name="" hasTotal="0">
<keys size="6">RTL Ports, Dir, Bits, Protocol, Source Object, C Type</keys>
<column name="ap_clk">in, 1, ap_ctrl_none, hls_cropping_strm, return value</column>
<column name="ap_rst_n">in, 1, ap_ctrl_none, hls_cropping_strm, return value</column>
<column name="src_TDATA">in, 8, axis, src_V_data_V, pointer</column>
<column name="src_TVALID">in, 1, axis, src_V_data_V, pointer</column>
<column name="src_TREADY">out, 1, axis, src_V_dest_V, pointer</column>
<column name="src_TDEST">in, 1, axis, src_V_dest_V, pointer</column>
<column name="src_TKEEP">in, 1, axis, src_V_keep_V, pointer</column>
<column name="src_TSTRB">in, 1, axis, src_V_strb_V, pointer</column>
<column name="src_TUSER">in, 1, axis, src_V_user_V, pointer</column>
<column name="src_TLAST">in, 1, axis, src_V_last_V, pointer</column>
<column name="src_TID">in, 1, axis, src_V_id_V, pointer</column>
<column name="dst_V_V_TDATA">out, 16, axis, dst_V_V, pointer</column>
<column name="dst_V_V_TVALID">out, 1, axis, dst_V_V, pointer</column>
<column name="dst_V_V_TREADY">in, 1, axis, dst_V_V, pointer</column>
<column name="dst_valid_V">out, 1, ap_vld, dst_valid_V, pointer</column>
<column name="dst_valid_V_ap_vld">out, 1, ap_vld, dst_valid_V, pointer</column>
<column name="sof_sig_V">out, 1, ap_vld, sof_sig_V, pointer</column>
<column name="sof_sig_V_ap_vld">out, 1, ap_vld, sof_sig_V, pointer</column>
</table>
</item>
</section>
</profile>
