<profile>

<section name = "Vivado HLS Report for 'hls_cropping_vert_strm'" level="0">
<item name = "Date">Fri Jul 17 14:23:31 2015
</item>
<item name = "Version">2014.4 (Build 1071461 on Tue Nov 18 16:42:57 PM 2014)</item>
<item name = "Project">hls_cropping_vert</item>
<item name = "Solution">solution1</item>
<item name = "Product family">zynq</item>
<item name = "Target device">xc7z020clg484-1</item>
</section>

<section name = "Performance Estimates" level="0">
<item name = "Timing (ns)">
<section name = "" level="1">
<item name = "Summary"><table name="" hasTotal="0">
<keys size="4">Clock, Target, Estimated, Uncertainty</keys>
<column name="default">17.00, 21.69, 2.13</column>
</table>
</item>
</section>
</item>
<item name = "Latency (clock cycles)">
<section name = "" level="1">
<item name = "Summary"><table name="" hasTotal="0">
<keys size="6">, min, max, min, max, Type</keys>
<column name="">1, 1, 1, 1, function</column>
</table>
</item>
<item name = "Detail">
<section name = "" level="1">
<item name = "Instance"><table name="" hasTotal="0">
<keys size="7">Instance, Module, min, max, min, max, Type</keys>
</table>
</item>
<item name = "Loop"><table name="" hasTotal="0">
<keys size="8">Loop Name, min, max, Latency, achieved, target, Count, Pipelined</keys>
</table>
</item>
</section>
</item>
</section>
</item>
</section>

<section name = "Utilization Estimates" level="0">
<item name = "Summary"><table name="" hasTotal="1">
<keys size="5">Name, BRAM_18K, DSP48E, FF, LUT</keys>
<column name="Expression">-, -, 0, 3671</column>
<column name="FIFO">-, -, -, -</column>
<column name="Instance">-, -, -, -</column>
<column name="Memory">4, -, 0, 0</column>
<column name="Multiplexer">-, -, -, 163</column>
<column name="Register">-, -, 383, -</column>
<specialColumn name="Available">280, 220, 106400, 53200</specialColumn>
<specialColumn name="Utilization (%)">1, 0, ~0, 7</specialColumn>
</table>
</item>
<item name = "Detail">
<section name = "" level="1">
<item name = "Instance"><table name="" hasTotal="1">
<keys size="6">Instance, Module, BRAM_18K, DSP48E, FF, LUT</keys>
</table>
</item>
<item name = "Memory"><table name="" hasTotal="1">
<keys size="9">Memory, Module, BRAM_18K, FF, LUT, Words, Bits, Banks, W*Bits*Banks</keys>
<column name="linebuffer1_V_U">hls_cropping_vert_strm_linebuffer1_V, 1, 0, 0, 64, 16, 1, 1024</column>
<column name="linebuffer1b_V_U">hls_cropping_vert_strm_linebuffer1_V, 1, 0, 0, 64, 16, 1, 1024</column>
<column name="linebuffer2b_V_U">hls_cropping_vert_strm_linebuffer1_V, 1, 0, 0, 64, 16, 1, 1024</column>
<column name="linebuffer2_V_U">hls_cropping_vert_strm_linebuffer2_V, 1, 0, 0, 64, 16, 1, 1024</column>
</table>
</item>
<item name = "FIFO"><table name="" hasTotal="1">
<keys size="7">Name, BRAM_18K, FF, LUT, Depth, Bits, Size:D*B</keys>
</table>
</item>
<item name = "Expression"><table name="" hasTotal="1">
<keys size="7">Variable Name, Operation, DSP48E, FF, LUT, Bitwidth P0, Bitwidth P1</keys>
<column name="tmp_10_fu_592_p2">+, 0, 0, 32, 32, 1</column>
<column name="tmp_14_fu_625_p2">+, 0, 0, 32, 32, 1</column>
<column name="tmp_18_fu_658_p2">+, 0, 0, 32, 32, 1</column>
<column name="tmp_1_fu_492_p2">+, 0, 0, 32, 32, 1</column>
<column name="tmp_21_fu_685_p2">+, 0, 0, 32, 32, 1</column>
<column name="tmp_22_fu_897_p2">+, 0, 0, 32, 32, 1</column>
<column name="tmp_24_fu_909_p2">+, 0, 0, 32, 32, 1</column>
<column name="tmp_25_fu_1830_p2">+, 0, 0, 32, 32, 1</column>
<column name="tmp_3_fu_522_p2">+, 0, 0, 32, 32, 1</column>
<column name="tmp_5_fu_508_p2">+, 0, 0, 32, 32, 1</column>
<column name="tmp_6_fu_553_p2">+, 0, 0, 32, 32, 1</column>
<column name="col_counter2_new_3_fu_1243_p3">Select, 0, 0, 32, 1, 32</column>
<column name="col_counter_loc_fu_466_p3">Select, 0, 0, 32, 1, 32</column>
<column name="col_counter_new_3_fu_1217_p3">Select, 0, 0, 32, 1, 1</column>
<column name="counter2_loc_fu_691_p3">Select, 0, 0, 32, 1, 32</column>
<column name="counter3_loc_1_fu_937_p3">Select, 0, 0, 32, 1, 32</column>
<column name="counter_loc_fu_457_p3">Select, 0, 0, 32, 1, 32</column>
<column name="counter_pad_loc_fu_923_p3">Select, 0, 0, 32, 1, 32</column>
<column name="counter_rd1_loc_fu_809_p3">Select, 0, 0, 32, 1, 32</column>
<column name="counter_rd1_new_1_fu_1351_p3">Select, 0, 0, 32, 1, 32</column>
<column name="counter_rd1b_loc_fu_841_p3">Select, 0, 0, 32, 1, 32</column>
<column name="counter_rd1b_new_2_fu_1373_p3">Select, 0, 0, 32, 1, 32</column>
<column name="counter_rd2_loc_fu_865_p3">Select, 0, 0, 32, 1, 32</column>
<column name="counter_rd2_new_3_fu_1387_p3">Select, 0, 0, 32, 1, 1</column>
<column name="counter_rd2b_loc_fu_881_p3">Select, 0, 0, 32, 1, 32</column>
<column name="counter_rd2b_new_4_fu_1459_p3">Select, 0, 0, 32, 1, 32</column>
<column name="counter_vsync_loc_fu_1836_p3">Select, 0, 0, 32, 1, 32</column>
<column name="dst_V">Select, 0, 0, 16, 1, 1</column>
<column name="newSel1_fu_1665_p3">Select, 0, 0, 3, 1, 3</column>
<column name="newSel2_fu_1673_p3">Select, 0, 0, 2, 1, 2</column>
<column name="newSel_cast_fu_1657_p3">Select, 0, 0, 2, 1, 2</column>
<column name="p_0131_0_i_fu_1751_p3">Select, 0, 0, 16, 1, 16</column>
<column name="p_0131_1_i_fu_1758_p3">Select, 0, 0, 16, 1, 16</column>
<column name="p_0131_2_i_fu_1765_p3">Select, 0, 0, 16, 1, 16</column>
<column name="p_0131_3_i_fu_1772_p3">Select, 0, 0, 16, 1, 16</column>
<column name="p_0131_8_i_fu_1807_p3">Select, 0, 0, 16, 1, 16</column>
<column name="p_col_counter2_loc_1_fu_1203_p3">Select, 0, 0, 32, 1, 1</column>
<column name="p_col_counter_load_fu_428_p3">Select, 0, 0, 32, 1, 1</column>
<column name="p_counter2_loc_fu_1571_p3">Select, 0, 0, 32, 1, 1</column>
<column name="p_counter3_loc_1_fu_1713_p3">Select, 0, 0, 32, 1, 1</column>
<column name="p_counter_load_fu_420_p3">Select, 0, 0, 32, 1, 1</column>
<column name="p_counter_new_1_fu_1527_p3">Select, 0, 0, 32, 1, 1</column>
<column name="p_counter_pad_new_1_fu_1699_p3">Select, 0, 0, 32, 1, 1</column>
<column name="p_counter_rd2b_loc_fu_1287_p3">Select, 0, 0, 32, 1, 1</column>
<column name="p_counter_vsync_loc_fu_1909_p3">Select, 0, 0, 32, 1, 1</column>
<column name="sel_tmp10_fu_785_p3">Select, 0, 0, 32, 1, 32</column>
<column name="sel_tmp11_fu_793_p3">Select, 0, 0, 32, 1, 32</column>
<column name="sel_tmp12_fu_801_p3">Select, 0, 0, 32, 1, 32</column>
<column name="sel_tmp13_fu_817_p3">Select, 0, 0, 32, 1, 32</column>
<column name="sel_tmp14_fu_825_p3">Select, 0, 0, 32, 1, 32</column>
<column name="sel_tmp15_fu_833_p3">Select, 0, 0, 32, 1, 32</column>
<column name="sel_tmp16_fu_849_p3">Select, 0, 0, 32, 1, 32</column>
<column name="sel_tmp17_fu_857_p3">Select, 0, 0, 32, 1, 32</column>
<column name="sel_tmp18_fu_873_p3">Select, 0, 0, 32, 1, 32</column>
<column name="sel_tmp19_fu_1779_p3">Select, 0, 0, 16, 1, 16</column>
<column name="sel_tmp20_fu_1786_p3">Select, 0, 0, 16, 1, 16</column>
<column name="sel_tmp21_fu_1793_p3">Select, 0, 0, 16, 1, 16</column>
<column name="sel_tmp22_fu_1800_p3">Select, 0, 0, 16, 1, 16</column>
<column name="sel_tmp27_fu_1335_p3">Select, 0, 0, 32, 1, 1</column>
<column name="sel_tmp28_fu_1343_p3">Select, 0, 0, 32, 1, 32</column>
<column name="sel_tmp29_fu_1365_p3">Select, 0, 0, 32, 1, 1</column>
<column name="sel_tmp31_fu_1443_p3">Select, 0, 0, 32, 1, 32</column>
<column name="sel_tmp32_fu_1451_p3">Select, 0, 0, 32, 1, 32</column>
<column name="sel_tmp8_fu_771_p3">Select, 0, 0, 32, 1, 32</column>
<column name="tmp_24_counter3_load_fu_915_p3">Select, 0, 0, 32, 1, 32</column>
<column name="begin2buffer_flag_fu_442_p2">and, 0, 0, 1, 1, 1</column>
<column name="cond_hsync1_fu_1107_p2">and, 0, 0, 1, 1, 1</column>
<column name="cond_hsync2_fu_1125_p2">and, 0, 0, 1, 1, 1</column>
<column name="cond_hsync3_fu_1143_p2">and, 0, 0, 1, 1, 1</column>
<column name="cond_hsync4_fu_1161_p2">and, 0, 0, 1, 1, 1</column>
<column name="cond_hsync5_fu_1179_p2">and, 0, 0, 1, 1, 1</column>
<column name="cond_vld1_fu_1011_p2">and, 0, 0, 1, 1, 1</column>
<column name="cond_vld2_fu_1029_p2">and, 0, 0, 1, 1, 1</column>
<column name="cond_vld3_fu_1047_p2">and, 0, 0, 1, 1, 1</column>
<column name="cond_vld4_fu_1065_p2">and, 0, 0, 1, 1, 1</column>
<column name="cond_vld5_fu_1083_p2">and, 0, 0, 1, 1, 1</column>
<column name="counter3_flag_1_fu_931_p2">and, 0, 0, 1, 1, 1</column>
<column name="counter_rd1_flag_fu_765_p2">and, 0, 0, 1, 1, 1</column>
<column name="p_buff_in_new_1_fu_1621_p2">and, 0, 0, 1, 1, 1</column>
<column name="p_col_counter2_flag_1_fu_1231_p2">and, 0, 0, 1, 1, 1</column>
<column name="sel_tmp24_fu_1301_p2">and, 0, 0, 1, 1, 1</column>
<column name="sel_tmp26_fu_1319_p2">and, 0, 0, 1, 1, 1</column>
<column name="sel_tmp2_fu_711_p2">and, 0, 0, 1, 1, 1</column>
<column name="sel_tmp30_fu_1431_p2">and, 0, 0, 1, 1, 1</column>
<column name="sel_tmp4_fu_723_p2">and, 0, 0, 1, 1, 1</column>
<column name="sel_tmp5_fu_729_p2">and, 0, 0, 1, 1, 1</column>
<column name="sel_tmp7_fu_747_p2">and, 0, 0, 1, 1, 1</column>
<column name="sel_tmp9_fu_779_p2">and, 0, 0, 1, 1, 1</column>
<column name="sel_tmp_fu_699_p2">and, 0, 0, 1, 1, 1</column>
<column name="tmp12_fu_1419_p2">and, 0, 0, 1, 1, 1</column>
<column name="tmp13_fu_1425_p2">and, 0, 0, 1, 1, 1</column>
<column name="tmp1_fu_741_p2">and, 0, 0, 1, 1, 1</column>
<column name="tmp_fu_476_p2">and, 0, 0, 1, 1, 1</column>
<column name="cond_eol1_fu_951_p2">icmp, 0, 0, 40, 32, 7</column>
<column name="cond_eol2_fu_957_p2">icmp, 0, 0, 40, 32, 7</column>
<column name="cond_eol3_fu_963_p2">icmp, 0, 0, 40, 32, 7</column>
<column name="cond_eol4_fu_969_p2">icmp, 0, 0, 40, 32, 7</column>
<column name="cond_eol5_fu_975_p2">icmp, 0, 0, 40, 32, 7</column>
<column name="icmp1_fu_674_p2">icmp, 0, 0, 33, 26, 1</column>
<column name="icmp4_fu_608_p2">icmp, 0, 0, 33, 26, 1</column>
<column name="icmp7_fu_641_p2">icmp, 0, 0, 33, 26, 1</column>
<column name="icmp_fu_575_p2">icmp, 0, 0, 33, 26, 1</column>
<column name="tmp_12_fu_614_p2">icmp, 0, 0, 3, 2, 3</column>
<column name="tmp_16_fu_647_p2">icmp, 0, 0, 2, 2, 2</column>
<column name="tmp_23_fu_903_p2">icmp, 0, 0, 40, 32, 7</column>
<column name="tmp_26_fu_945_p2">icmp, 0, 0, 40, 32, 1</column>
<column name="tmp_27_fu_999_p2">icmp, 0, 0, 40, 32, 1</column>
<column name="tmp_28_fu_1005_p2">icmp, 0, 0, 40, 32, 7</column>
<column name="tmp_29_fu_1017_p2">icmp, 0, 0, 40, 32, 1</column>
<column name="tmp_30_fu_1023_p2">icmp, 0, 0, 40, 32, 7</column>
<column name="tmp_31_fu_1035_p2">icmp, 0, 0, 40, 32, 1</column>
<column name="tmp_32_fu_1041_p2">icmp, 0, 0, 40, 32, 7</column>
<column name="tmp_33_fu_1053_p2">icmp, 0, 0, 40, 32, 1</column>
<column name="tmp_34_fu_1059_p2">icmp, 0, 0, 40, 32, 7</column>
<column name="tmp_35_fu_1071_p2">icmp, 0, 0, 40, 32, 1</column>
<column name="tmp_36_fu_1077_p2">icmp, 0, 0, 40, 32, 7</column>
<column name="tmp_37_fu_1095_p2">icmp, 0, 0, 40, 32, 7</column>
<column name="tmp_38_fu_1101_p2">icmp, 0, 0, 40, 32, 7</column>
<column name="tmp_39_fu_1113_p2">icmp, 0, 0, 40, 32, 7</column>
<column name="tmp_40_fu_1119_p2">icmp, 0, 0, 40, 32, 7</column>
<column name="tmp_41_fu_1131_p2">icmp, 0, 0, 40, 32, 7</column>
<column name="tmp_42_fu_1137_p2">icmp, 0, 0, 40, 32, 7</column>
<column name="tmp_43_fu_1149_p2">icmp, 0, 0, 40, 32, 7</column>
<column name="tmp_44_fu_1155_p2">icmp, 0, 0, 40, 32, 7</column>
<column name="tmp_45_fu_1167_p2">icmp, 0, 0, 40, 32, 7</column>
<column name="tmp_46_fu_1173_p2">icmp, 0, 0, 40, 32, 7</column>
<column name="tmp_47_fu_1191_p2">icmp, 0, 0, 40, 32, 7</column>
<column name="tmp_48_fu_1197_p2">icmp, 0, 0, 40, 32, 7</column>
<column name="tmp_49_fu_1251_p2">icmp, 0, 0, 40, 32, 7</column>
<column name="tmp_50_fu_1269_p2">icmp, 0, 0, 40, 32, 7</column>
<column name="tmp_51_fu_1275_p2">icmp, 0, 0, 40, 32, 7</column>
<column name="tmp_52_fu_1281_p2">icmp, 0, 0, 40, 32, 7</column>
<column name="tmp_53_fu_1467_p2">icmp, 0, 0, 40, 32, 7</column>
<column name="tmp_54_fu_1497_p2">icmp, 0, 0, 40, 32, 7</column>
<column name="tmp_55_fu_1503_p2">icmp, 0, 0, 40, 32, 15</column>
<column name="tmp_56_fu_1535_p2">icmp, 0, 0, 40, 32, 16</column>
<column name="tmp_57_fu_1579_p2">icmp, 0, 0, 40, 32, 13</column>
<column name="tmp_58_fu_1886_p2">icmp, 0, 0, 40, 32, 4</column>
<column name="tmp_7_fu_559_p2">icmp, 0, 0, 2, 2, 1</column>
<column name="tmp_9_fu_581_p2">icmp, 0, 0, 2, 2, 1</column>
<column name="vsync_V">icmp, 0, 0, 40, 32, 3</column>
<column name="begin2buffer_loc_fu_451_p2">or, 0, 0, 1, 1, 1</column>
<column name="brmerge_fu_414_p2">or, 0, 0, 1, 1, 1</column>
<column name="col_counter2_flag_3_fu_1237_p2">or, 0, 0, 1, 1, 1</column>
<column name="col_counter_flag_3_fu_1211_p2">or, 0, 0, 1, 1, 1</column>
<column name="counter_rd1_flag_1_fu_1329_p2">or, 0, 0, 1, 1, 1</column>
<column name="counter_rd1b_flag_2_fu_1359_p2">or, 0, 0, 1, 1, 1</column>
<column name="counter_rd2_flag_3_fu_1381_p2">or, 0, 0, 1, 1, 1</column>
<column name="counter_rd2b_flag_4_fu_1437_p2">or, 0, 0, 1, 1, 1</column>
<column name="dst_valid_dst_V">or, 0, 0, 1, 1, 1</column>
<column name="eol_dst_V">or, 0, 0, 1, 1, 1</column>
<column name="hsync_V">or, 0, 0, 1, 1, 1</column>
<column name="not_sel_tmp1_fu_1413_p2">or, 0, 0, 1, 1, 1</column>
<column name="not_sel_tmp_fu_1401_p2">or, 0, 0, 1, 1, 1</column>
<column name="p_begin2buffer_flag_fu_1509_p2">or, 0, 0, 1, 1, 1</column>
<column name="p_begin2pad_flag_fu_1597_p2">or, 0, 0, 1, 1, 1</column>
<column name="p_beginvsync_flag_fu_1892_p2">or, 0, 0, 1, 1, 1</column>
<column name="p_buff2read_flag_3_fu_1645_p2">or, 0, 0, 1, 1, 1</column>
<column name="p_buff_in_flag_1_fu_1615_p2">or, 0, 0, 1, 1, 1</column>
<column name="p_counter2_flag_fu_1565_p2">or, 0, 0, 1, 1, 1</column>
<column name="p_counter3_flag_1_fu_1707_p2">or, 0, 0, 1, 1, 1</column>
<column name="p_counter_flag_1_fu_1521_p2">or, 0, 0, 1, 1, 1</column>
<column name="p_counter_pad_flag_1_fu_1687_p2">or, 0, 0, 1, 1, 1</column>
<column name="p_counter_vsync_flag_fu_1903_p2">or, 0, 0, 1, 1, 1</column>
<column name="p_s_fu_1553_p2">or, 0, 0, 1, 1, 1</column>
<column name="sel_tmp259_demorgan_fu_1307_p2">or, 0, 0, 1, 1, 1</column>
<column name="tmp10_fu_1185_p2">or, 0, 0, 1, 1, 1</column>
<column name="tmp11_fu_1868_p2">or, 0, 0, 1, 1, 1</column>
<column name="tmp14_fu_1609_p2">or, 0, 0, 1, 1, 1</column>
<column name="tmp15_fu_1627_p2">or, 0, 0, 1, 1, 1</column>
<column name="tmp16_fu_1633_p2">or, 0, 0, 1, 1, 1</column>
<column name="tmp17_fu_1639_p2">or, 0, 0, 1, 1, 1</column>
<column name="tmp18_fu_1681_p2">or, 0, 0, 1, 1, 1</column>
<column name="tmp345_demorgan_fu_753_p2">or, 0, 0, 1, 1, 1</column>
<column name="tmp3_fu_981_p2">or, 0, 0, 1, 1, 1</column>
<column name="tmp4_fu_987_p2">or, 0, 0, 1, 1, 1</column>
<column name="tmp5_fu_993_p2">or, 0, 0, 1, 1, 1</column>
<column name="tmp6_fu_1849_p2">or, 0, 0, 1, 1, 1</column>
<column name="tmp7_fu_1089_p2">or, 0, 0, 1, 1, 1</column>
<column name="tmp8_fu_1853_p2">or, 0, 0, 1, 1, 1</column>
<column name="tmp9_fu_1864_p2">or, 0, 0, 1, 1, 1</column>
<column name="tmp_59_fu_1693_p2">or, 0, 0, 1, 1, 1</column>
<column name="not_brmerge_fu_436_p2">xor, 0, 0, 2, 1, 2</column>
<column name="not_tmp_1_fu_1559_p2">xor, 0, 0, 2, 1, 2</column>
<column name="not_tmp_2_fu_1603_p2">xor, 0, 0, 2, 1, 2</column>
<column name="not_tmp_3_fu_1225_p2">xor, 0, 0, 2, 1, 2</column>
<column name="not_tmp_4_fu_1897_p2">xor, 0, 0, 2, 1, 2</column>
<column name="not_tmp_5_fu_1651_p2">xor, 0, 0, 2, 1, 2</column>
<column name="not_tmp_s_fu_1515_p2">xor, 0, 0, 2, 1, 2</column>
<column name="sel_tmp1_fu_705_p2">xor, 0, 0, 2, 1, 2</column>
<column name="sel_tmp23_fu_1295_p2">xor, 0, 0, 2, 1, 2</column>
<column name="sel_tmp25_fu_1313_p2">xor, 0, 0, 2, 1, 2</column>
<column name="sel_tmp3_fu_717_p2">xor, 0, 0, 2, 1, 2</column>
<column name="sel_tmp6_fu_735_p2">xor, 0, 0, 2, 1, 2</column>
<column name="tmp2_fu_759_p2">xor, 0, 0, 2, 1, 2</column>
<column name="tmp_50_not_fu_1395_p2">xor, 0, 0, 2, 1, 2</column>
<column name="tmp_51_not_fu_1407_p2">xor, 0, 0, 2, 1, 2</column>
</table>
</item>
<item name = "Multiplexer"><table name="" hasTotal="1">
<keys size="5">Name, LUT, Input Size, Bits, Total Bits</keys>
<column name="col_counter2_flag_1_phi_fu_371_p6">1, 3, 1, 3</column>
<column name="col_counter2_loc_1_phi_fu_385_p6">32, 3, 32, 96</column>
<column name="col_counter_flag_2_phi_fu_335_p6">1, 3, 1, 3</column>
<column name="col_counter_loc_2_phi_fu_360_p6">32, 3, 32, 96</column>
<column name="col_counter_new_2_phi_fu_347_p6">32, 3, 32, 96</column>
<column name="counter_flag_1_phi_fu_299_p6">1, 3, 1, 3</column>
<column name="counter_loc_1_phi_fu_324_p6">32, 3, 32, 96</column>
<column name="counter_new_1_phi_fu_312_p6">32, 3, 32, 96</column>
</table>
</item>
<item name = "Register"><table name="" hasTotal="1">
<keys size="5">Name, FF, LUT, Bits, Const Bits</keys>
<column name="ap_CS_fsm">1, 0, 1, 0</column>
<column name="ap_reg_ppiten_pp0_it1">1, 0, 1, 0</column>
<column name="begin2buffer">1, 0, 1, 0</column>
<column name="begin2pad">1, 0, 1, 0</column>
<column name="begin2pad_load_reg_1929">1, 0, 1, 0</column>
<column name="beginvsync">1, 0, 1, 0</column>
<column name="buff2read">2, 0, 2, 0</column>
<column name="buff_in">1, 0, 1, 0</column>
<column name="col_counter">32, 0, 32, 0</column>
<column name="col_counter2">32, 0, 32, 0</column>
<column name="cond_hsync1_reg_2040">1, 0, 1, 0</column>
<column name="cond_hsync2_reg_2045">1, 0, 1, 0</column>
<column name="cond_hsync3_reg_2050">1, 0, 1, 0</column>
<column name="cond_vld1_reg_2020">1, 0, 1, 0</column>
<column name="cond_vld2_reg_2025">1, 0, 1, 0</column>
<column name="cond_vld3_reg_2030">1, 0, 1, 0</column>
<column name="counter">32, 0, 32, 0</column>
<column name="counter2">32, 0, 32, 0</column>
<column name="counter3">32, 0, 32, 0</column>
<column name="counter_pad">32, 0, 32, 0</column>
<column name="counter_rd1">32, 0, 32, 0</column>
<column name="counter_rd1b">32, 0, 32, 0</column>
<column name="counter_rd2">32, 0, 32, 0</column>
<column name="counter_rd2b">32, 0, 32, 0</column>
<column name="counter_vsync">32, 0, 32, 0</column>
<column name="icmp1_reg_1975">1, 0, 1, 0</column>
<column name="icmp4_reg_1955">1, 0, 1, 0</column>
<column name="icmp7_reg_1965">1, 0, 1, 0</column>
<column name="icmp_reg_1945">1, 0, 1, 0</column>
<column name="readbuffer">1, 0, 1, 0</column>
<column name="readbuffer_load_reg_1934">1, 0, 1, 0</column>
<column name="sel_tmp5_reg_1990">1, 0, 1, 0</column>
<column name="sel_tmp7_reg_1995">1, 0, 1, 0</column>
<column name="sel_tmp9_reg_2000">1, 0, 1, 0</column>
<column name="sel_tmp_reg_1985">1, 0, 1, 0</column>
<column name="tmp10_reg_2055">1, 0, 1, 0</column>
<column name="tmp3_reg_2010">1, 0, 1, 0</column>
<column name="tmp5_reg_2015">1, 0, 1, 0</column>
<column name="tmp7_reg_2035">1, 0, 1, 0</column>
<column name="tmp_26_reg_2005">1, 0, 1, 0</column>
<column name="tmp_57_reg_2100">1, 0, 1, 0</column>
</table>
</item>
</section>
</item>
</section>

<section name = "Interface" level="0">
<item name = "Summary"><table name="" hasTotal="0">
<keys size="6">RTL Ports, Dir, Bits, Protocol, Source Object, C Type</keys>
<column name="ap_clk">in, 1, ap_ctrl_none, hls_cropping_vert_strm, return value</column>
<column name="ap_rst_n">in, 1, ap_ctrl_none, hls_cropping_vert_strm, return value</column>
<column name="src_V_V_TDATA">in, 16, axis, src_V_V, pointer</column>
<column name="src_V_V_TVALID">in, 1, axis, src_V_V, pointer</column>
<column name="src_V_V_TREADY">out, 1, axis, src_V_V, pointer</column>
<column name="dst_V">out, 16, ap_vld, dst_V, pointer</column>
<column name="dst_V_ap_vld">out, 1, ap_vld, dst_V, pointer</column>
<column name="sof_dst_V">out, 1, ap_vld, sof_dst_V, pointer</column>
<column name="sof_dst_V_ap_vld">out, 1, ap_vld, sof_dst_V, pointer</column>
<column name="eol_dst_V">out, 1, ap_vld, eol_dst_V, pointer</column>
<column name="eol_dst_V_ap_vld">out, 1, ap_vld, eol_dst_V, pointer</column>
<column name="dst_valid_dst_V">out, 1, ap_vld, dst_valid_dst_V, pointer</column>
<column name="dst_valid_dst_V_ap_vld">out, 1, ap_vld, dst_valid_dst_V, pointer</column>
<column name="src_valid_V">in, 1, ap_none, src_valid_V, pointer</column>
<column name="sof_src_V">in, 1, ap_none, sof_src_V, pointer</column>
<column name="hsync_V">out, 1, ap_vld, hsync_V, pointer</column>
<column name="hsync_V_ap_vld">out, 1, ap_vld, hsync_V, pointer</column>
<column name="vsync_V">out, 1, ap_vld, vsync_V, pointer</column>
<column name="vsync_V_ap_vld">out, 1, ap_vld, vsync_V, pointer</column>
</table>
</item>
</section>
</profile>
