<?xml version="1.0" encoding="UTF-8"?>
<vivadoHLSLog:LogRoot xmlns:vivadoHLSLog="www.xilinx.com/vivadoHLSLog">
  <errorLogs>
    <logs>
      <synLog/>
      <simLog/>
      <mgLog/>
      <packageLog/>
      <csimLog/>
    </logs>
  </errorLogs>
  <warningLogs>
    <logs>
      <synLog>
        <logs message="@W [SCHED-21] The critical path consists of the following:&#xD;&#xA;&#x9;'load' operation ('cur_range_load', hls_cropping/src/hls_cropping.cpp:57->hls_cropping/src/hls_cropping.cpp:162) on static variable 'cur_range' (0 ns)&#xD;&#xA;&#x9;'sub' operation ('tmp_4', hls_cropping/src/hls_cropping.cpp:61->hls_cropping/src/hls_cropping.cpp:162) (1.72 ns)&#xD;&#xA;&#x9;'bitconcatenate' operation ('tmp_2', hls_cropping/src/hls_cropping.cpp:61->hls_cropping/src/hls_cropping.cpp:162) (0 ns)&#xD;&#xA;&#x9;'icmp' operation ('tmp_46', hls_cropping/src/hls_cropping.cpp:61->hls_cropping/src/hls_cropping.cpp:162) (2.14 ns)&#xD;&#xA;&#x9;'select' operation ('tmp_50', hls_cropping/src/hls_cropping.cpp:61->hls_cropping/src/hls_cropping.cpp:162) (1.37 ns)&#xD;&#xA;&#x9;'add' operation ('tmp_53', hls_cropping/src/hls_cropping.cpp:57->hls_cropping/src/hls_cropping.cpp:162) (1.72 ns)&#xD;&#xA;&#x9;'shl' operation ('tmp_62', hls_cropping/src/hls_cropping.cpp:57->hls_cropping/src/hls_cropping.cpp:162) (1.18 ns)&#xD;&#xA;&#x9;'xor' operation ('p_not', hls_cropping/src/hls_cropping.cpp:57->hls_cropping/src/hls_cropping.cpp:162) (1.37 ns)&#xD;&#xA;&#x9;'and' operation ('tmp_64', hls_cropping/src/hls_cropping.cpp:57->hls_cropping/src/hls_cropping.cpp:162) (1.37 ns)&#xD;&#xA;&#x9;'and' operation ('tmp_66', hls_cropping/src/hls_cropping.cpp:57->hls_cropping/src/hls_cropping.cpp:162) (1.37 ns)&#xD;&#xA;&#x9;'or' operation ('__Result__', hls_cropping/src/hls_cropping.cpp:57->hls_cropping/src/hls_cropping.cpp:162) (1.37 ns)&#xD;&#xA;&#x9;multiplexor before 'phi' operation ('__Result__') (1.57 ns)&#xD;&#xA;&#x9;multiplexor before 'phi' operation ('linebuffer1b_V_0_loc_2', hls_cropping/src/hls_cropping.cpp:57->hls_cropping/src/hls_cropping.cpp:162) (1.57 ns)&#xD;&#xA;&#x9;multiplexor before 'phi' operation ('tmpi_out.V', hls_cropping/src/hls_cropping.cpp:96->hls_cropping/src/hls_cropping.cpp:162) (3.37 ns)&#xD;&#xA;&#x9;multiplexor before 'phi' operation ('p_0128_1_i', hls_cropping/src/hls_cropping.cpp:98->hls_cropping/src/hls_cropping.cpp:162) (1.57 ns)&#xD;&#xA;&#x9;multiplexor before 'phi' operation ('cur_trans3_loc', hls_cropping/src/hls_cropping.cpp:104->hls_cropping/src/hls_cropping.cpp:162) (1.57 ns)&#xD;&#xA;&#x9;'icmp' operation ('tmp_18', hls_cropping/src/hls_cropping.cpp:123->hls_cropping/src/hls_cropping.cpp:162) (2.28 ns)&#xD;&#xA;&#x9;'or' operation ('or_cond_i', hls_cropping/src/hls_cropping.cpp:123->hls_cropping/src/hls_cropping.cpp:162) (1.37 ns)&#xD;&#xA;&#x9;'select' operation ('tmp_28_nb_eol_load', hls_cropping/src/hls_cropping.cpp:123->hls_cropping/src/hls_cropping.cpp:162) (1.37 ns)&#xD;&#xA;&#x9;'icmp' operation ('tmp_20', hls_cropping/src/hls_cropping.cpp:125->hls_cropping/src/hls_cropping.cpp:162) (2.28 ns)&#xD;&#xA;&#x9;'or' operation ('nb_eol_flag_1', hls_cropping/src/hls_cropping.cpp:125->hls_cropping/src/hls_cropping.cpp:162) (1.37 ns)" projectName="hls_cropping" solutionName="solution1" date="2015-07-15T16:46:48.660-0400" type="Warning"/>
        <logs message="@W [SCHED-21] Estimated clock period (31.9ns) exceeds the target (target clock period: 20ns, clock uncertainty: 2.5ns, effective delay budget: 17.5ns)." projectName="hls_cropping" solutionName="solution1" date="2015-07-15T16:46:48.654-0400" type="Warning"/>
        <logs message="@W [XFORM-104] Completely partitioning array 'linebuffer2b.V'  accessed through non-constant indices on dimension 1 (hls_cropping/src/hls_cropping.cpp:61:9), which may result in long runtime and suboptimal QoR due to large multiplexers. Please consider wrapping the array access into a function or using a register file core instead." projectName="hls_cropping" solutionName="solution1" date="2015-07-15T16:46:09.933-0400" type="Warning"/>
        <logs message="@W [XFORM-104] Completely partitioning array 'linebuffer1b.V'  accessed through non-constant indices on dimension 1 (hls_cropping/src/hls_cropping.cpp:57:9), which may result in long runtime and suboptimal QoR due to large multiplexers. Please consider wrapping the array access into a function or using a register file core instead." projectName="hls_cropping" solutionName="solution1" date="2015-07-15T16:46:09.925-0400" type="Warning"/>
        <logs message="@W [XFORM-104] Completely partitioning array 'linebuffer2.V'  accessed through non-constant indices on dimension 1 (hls_cropping/src/hls_cropping.cpp:60:9), which may result in long runtime and suboptimal QoR due to large multiplexers. Please consider wrapping the array access into a function or using a register file core instead." projectName="hls_cropping" solutionName="solution1" date="2015-07-15T16:46:09.919-0400" type="Warning"/>
        <logs message="@W [XFORM-104] Completely partitioning array 'linebuffer1.V'  accessed through non-constant indices on dimension 1 (hls_cropping/src/hls_cropping.cpp:56:9), which may result in long runtime and suboptimal QoR due to large multiplexers. Please consider wrapping the array access into a function or using a register file core instead." projectName="hls_cropping" solutionName="solution1" date="2015-07-15T16:46:09.911-0400" type="Warning"/>
        <logs message="@W [SYNCHK-23] hls_cropping/src/hls_cropping.cpp:57: variable-indexed range selection may cause suboptimal QoR." projectName="hls_cropping" solutionName="solution1" date="2015-07-15T16:46:09.779-0400" type="Warning"/>
        <logs message="@W [SYN-103] Legalizing function name 'hls_cropping_strm_Block__proc' to 'hls_cropping_strm_Block_proc'." projectName="hls_cropping" solutionName="solution2" date="2015-07-14T18:12:50.662-0400" type="Warning"/>
        <logs message="@W [XFORM-104] Completely partitioning array 'linebuffer2b.V'  accessed through non-constant indices on dimension 1 (hls_cropping/src/hls_cropping_dataflow.cpp:56:10), which may result in long runtime and suboptimal QoR due to large multiplexers. Please consider wrapping the array access into a function or using a register file core instead." projectName="hls_cropping" solutionName="solution2" date="2015-07-14T18:12:43.574-0400" type="Warning"/>
        <logs message="@W [XFORM-104] Completely partitioning array 'linebuffer1b.V'  accessed through non-constant indices on dimension 1 (hls_cropping/src/hls_cropping_dataflow.cpp:52:10), which may result in long runtime and suboptimal QoR due to large multiplexers. Please consider wrapping the array access into a function or using a register file core instead." projectName="hls_cropping" solutionName="solution2" date="2015-07-14T18:12:43.565-0400" type="Warning"/>
        <logs message="@W [XFORM-104] Completely partitioning array 'linebuffer2.V'  accessed through non-constant indices on dimension 1 (hls_cropping/src/hls_cropping_dataflow.cpp:55:10), which may result in long runtime and suboptimal QoR due to large multiplexers. Please consider wrapping the array access into a function or using a register file core instead." projectName="hls_cropping" solutionName="solution2" date="2015-07-14T18:12:43.556-0400" type="Warning"/>
        <logs message="@W [XFORM-104] Completely partitioning array 'linebuffer1.V'  accessed through non-constant indices on dimension 1 (hls_cropping/src/hls_cropping_dataflow.cpp:51:10), which may result in long runtime and suboptimal QoR due to large multiplexers. Please consider wrapping the array access into a function or using a register file core instead." projectName="hls_cropping" solutionName="solution2" date="2015-07-14T18:12:43.547-0400" type="Warning"/>
        <logs message="@W [SYNCHK-23] hls_cropping/src/hls_cropping_dataflow.cpp:52: variable-indexed range selection may cause suboptimal QoR." projectName="hls_cropping" solutionName="solution2" date="2015-07-14T18:12:43.387-0400" type="Warning"/>
      </synLog>
      <simLog/>
      <mgLog/>
      <packageLog/>
      <csimLog/>
    </logs>
  </warningLogs>
</vivadoHLSLog:LogRoot>
