<profile>

<section name = "Vivado HLS Report for 'hls_cropping_strm_Block_proc'" level="0">
<item name = "Date">Tue Jul 14 18:12:54 2015
</item>
<item name = "Version">2014.4 (Build 1071461 on Tue Nov 18 16:42:57 PM 2014)</item>
<item name = "Project">hls_cropping</item>
<item name = "Solution">solution2</item>
<item name = "Product family">zynq</item>
<item name = "Target device">xc7z020clg484-1</item>
</section>

<section name = "Performance Estimates" level="0">
<item name = "Timing (ns)">
<section name = "" level="1">
<item name = "Summary"><table name="" hasTotal="0">
<keys size="4">Clock, Target, Estimated, Uncertainty</keys>
<column name="default">20.00, 15.18, 2.50</column>
</table>
</item>
</section>
</item>
<item name = "Latency (clock cycles)">
<section name = "" level="1">
<item name = "Summary"><table name="" hasTotal="0">
<keys size="6">, min, max, min, max, Type</keys>
<column name="">125, 255, 125, 255, none</column>
</table>
</item>
<item name = "Detail">
<section name = "" level="1">
<item name = "Instance"><table name="" hasTotal="0">
<keys size="7">Instance, Module, min, max, min, max, Type</keys>
</table>
</item>
<item name = "Loop"><table name="" hasTotal="0">
<keys size="8">Loop Name, min, max, Latency, achieved, target, Count, Pipelined</keys>
<column name="- WRITEIN_PROCESS">121, 121, 2, 1, 1, 120, yes</column>
<column name="- READOUT_PROCESS">64, 64, 1, 1, 1, 64, yes</column>
<column name="- Loop 3">64, 64, 1, 1, 1, 64, yes</column>
</table>
</item>
</section>
</item>
</section>
</item>
</section>

<section name = "Utilization Estimates" level="0">
<item name = "Summary"><table name="" hasTotal="1">
<keys size="5">Name, BRAM_18K, DSP48E, FF, LUT</keys>
<column name="Expression">-, -, 0, 1132</column>
<column name="FIFO">-, -, -, -</column>
<column name="Instance">-, -, -, -</column>
<column name="Memory">-, -, -, -</column>
<column name="Multiplexer">-, -, -, 3298</column>
<column name="Register">-, -, 6114, -</column>
<specialColumn name="Available">280, 220, 106400, 53200</specialColumn>
<specialColumn name="Utilization (%)">0, 0, 5, 8</specialColumn>
</table>
</item>
<item name = "Detail">
<section name = "" level="1">
<item name = "Instance"><table name="" hasTotal="1">
<keys size="6">Instance, Module, BRAM_18K, DSP48E, FF, LUT</keys>
</table>
</item>
<item name = "Memory"><table name="" hasTotal="1">
<keys size="9">Memory, Module, BRAM_18K, FF, LUT, Words, Bits, Banks, W*Bits*Banks</keys>
</table>
</item>
<item name = "FIFO"><table name="" hasTotal="1">
<keys size="7">Name, BRAM_18K, FF, LUT, Depth, Bits, Size:D*B</keys>
</table>
</item>
<item name = "Expression"><table name="" hasTotal="1">
<keys size="7">Variable Name, Operation, DSP48E, FF, LUT, Bitwidth P0, Bitwidth P1</keys>
<column name="cur_strm_fu_2975_p2">+, 0, 0, 7, 7, 1</column>
<column name="cur_trans2_fu_5157_p2">+, 0, 0, 7, 7, 1</column>
<column name="cur_trans3_fu_5245_p2">+, 0, 0, 7, 7, 1</column>
<column name="tmp_17_fu_5213_p2">+, 0, 0, 16, 16, 1</column>
<column name="tmp_1_fu_3481_p2">+, 0, 0, 16, 16, 1</column>
<column name="tmp_25_fu_5301_p2">+, 0, 0, 16, 16, 1</column>
<column name="tmp_34_fu_4382_p2">+, 0, 0, 5, 5, 1</column>
<column name="tmp_56_fu_3585_p2">+, 0, 0, 5, 5, 1</column>
<column name="tmp_s_fu_2995_p2">+, 0, 0, 8, 8, 1</column>
<column name="tmp_30_fu_4352_p2">-, 0, 0, 5, 4, 5</column>
<column name="tmp_52_fu_3555_p2">-, 0, 0, 5, 4, 5</column>
<column name="tmp_6_fu_3509_p2">-, 0, 0, 9, 1, 9</column>
<column name="p_cur_range_loc_fu_2987_p3">Select, 0, 0, 8, 1, 1</column>
<column name="p_cur_trans_new_2_fu_5406_p3">Select, 0, 0, 16, 1, 1</column>
<column name="p_nb_eol_new_5_fu_5431_p3">Select, 0, 0, 16, 1, 1</column>
<column name="tmp_17_nb_eol_loc_fu_5227_p3">Select, 0, 0, 16, 1, 16</column>
<column name="tmp_17_nb_eol_new_fu_5219_p3">Select, 0, 0, 16, 1, 16</column>
<column name="tmp_1_cur_trans_loc_fu_3499_p3">Select, 0, 0, 16, 1, 16</column>
<column name="tmp_1_cur_trans_new_fu_3492_p3">Select, 0, 0, 16, 1, 16</column>
<column name="tmp_26_nb_eol_loc_3_fu_5321_p3">Select, 0, 0, 16, 1, 16</column>
<column name="tmp_26_nb_eol_new_3_fu_5313_p3">Select, 0, 0, 16, 1, 16</column>
<column name="tmp_31_fu_4358_p3">Select, 0, 0, 5, 1, 5</column>
<column name="tmp_32_fu_4366_p3">Select, 0, 0, 5, 1, 5</column>
<column name="tmp_33_fu_4374_p3">Select, 0, 0, 5, 1, 5</column>
<column name="tmp_40_fu_4415_p3">Select, 0, 0, 16, 1, 16</column>
<column name="tmp_53_fu_3561_p3">Select, 0, 0, 5, 1, 5</column>
<column name="tmp_54_fu_3569_p3">Select, 0, 0, 5, 1, 5</column>
<column name="tmp_55_fu_3577_p3">Select, 0, 0, 5, 1, 5</column>
<column name="tmp_62_fu_3618_p3">Select, 0, 0, 16, 1, 16</column>
<column name="ap_sig_bdd_2307">and, 0, 0, 1, 1, 1</column>
<column name="ap_sig_bdd_2440">and, 0, 0, 1, 1, 1</column>
<column name="ap_sig_bdd_2441">and, 0, 0, 1, 1, 1</column>
<column name="ap_sig_bdd_2940">and, 0, 0, 1, 1, 1</column>
<column name="ap_sig_bdd_2944">and, 0, 0, 1, 1, 1</column>
<column name="ap_sig_bdd_2946">and, 0, 0, 1, 1, 1</column>
<column name="ap_sig_bdd_2948">and, 0, 0, 1, 1, 1</column>
<column name="ap_sig_bdd_2950">and, 0, 0, 1, 1, 1</column>
<column name="ap_sig_bdd_2952">and, 0, 0, 1, 1, 1</column>
<column name="ap_sig_bdd_2954">and, 0, 0, 1, 1, 1</column>
<column name="ap_sig_bdd_2956">and, 0, 0, 1, 1, 1</column>
<column name="ap_sig_bdd_2958">and, 0, 0, 1, 1, 1</column>
<column name="ap_sig_bdd_2960">and, 0, 0, 1, 1, 1</column>
<column name="ap_sig_bdd_2962">and, 0, 0, 1, 1, 1</column>
<column name="ap_sig_bdd_2964">and, 0, 0, 1, 1, 1</column>
<column name="ap_sig_bdd_2966">and, 0, 0, 1, 1, 1</column>
<column name="ap_sig_bdd_2968">and, 0, 0, 1, 1, 1</column>
<column name="ap_sig_bdd_2970">and, 0, 0, 1, 1, 1</column>
<column name="ap_sig_bdd_2972">and, 0, 0, 1, 1, 1</column>
<column name="ap_sig_bdd_2974">and, 0, 0, 1, 1, 1</column>
<column name="ap_sig_bdd_2976">and, 0, 0, 1, 1, 1</column>
<column name="ap_sig_bdd_2978">and, 0, 0, 1, 1, 1</column>
<column name="ap_sig_bdd_2980">and, 0, 0, 1, 1, 1</column>
<column name="ap_sig_bdd_2982">and, 0, 0, 1, 1, 1</column>
<column name="ap_sig_bdd_2984">and, 0, 0, 1, 1, 1</column>
<column name="ap_sig_bdd_2986">and, 0, 0, 1, 1, 1</column>
<column name="ap_sig_bdd_2988">and, 0, 0, 1, 1, 1</column>
<column name="ap_sig_bdd_2990">and, 0, 0, 1, 1, 1</column>
<column name="ap_sig_bdd_2992">and, 0, 0, 1, 1, 1</column>
<column name="ap_sig_bdd_2994">and, 0, 0, 1, 1, 1</column>
<column name="ap_sig_bdd_2996">and, 0, 0, 1, 1, 1</column>
<column name="ap_sig_bdd_2998">and, 0, 0, 1, 1, 1</column>
<column name="ap_sig_bdd_3000">and, 0, 0, 1, 1, 1</column>
<column name="ap_sig_bdd_3002">and, 0, 0, 1, 1, 1</column>
<column name="ap_sig_bdd_3004">and, 0, 0, 1, 1, 1</column>
<column name="ap_sig_bdd_3006">and, 0, 0, 1, 1, 1</column>
<column name="ap_sig_bdd_3008">and, 0, 0, 1, 1, 1</column>
<column name="ap_sig_bdd_3010">and, 0, 0, 1, 1, 1</column>
<column name="ap_sig_bdd_3012">and, 0, 0, 1, 1, 1</column>
<column name="ap_sig_bdd_3014">and, 0, 0, 1, 1, 1</column>
<column name="ap_sig_bdd_3016">and, 0, 0, 1, 1, 1</column>
<column name="ap_sig_bdd_3018">and, 0, 0, 1, 1, 1</column>
<column name="ap_sig_bdd_3020">and, 0, 0, 1, 1, 1</column>
<column name="ap_sig_bdd_3022">and, 0, 0, 1, 1, 1</column>
<column name="ap_sig_bdd_3024">and, 0, 0, 1, 1, 1</column>
<column name="ap_sig_bdd_3026">and, 0, 0, 1, 1, 1</column>
<column name="ap_sig_bdd_3028">and, 0, 0, 1, 1, 1</column>
<column name="ap_sig_bdd_3030">and, 0, 0, 1, 1, 1</column>
<column name="ap_sig_bdd_3032">and, 0, 0, 1, 1, 1</column>
<column name="ap_sig_bdd_3034">and, 0, 0, 1, 1, 1</column>
<column name="ap_sig_bdd_3036">and, 0, 0, 1, 1, 1</column>
<column name="ap_sig_bdd_3038">and, 0, 0, 1, 1, 1</column>
<column name="ap_sig_bdd_3040">and, 0, 0, 1, 1, 1</column>
<column name="ap_sig_bdd_3042">and, 0, 0, 1, 1, 1</column>
<column name="ap_sig_bdd_3044">and, 0, 0, 1, 1, 1</column>
<column name="ap_sig_bdd_3046">and, 0, 0, 1, 1, 1</column>
<column name="ap_sig_bdd_3048">and, 0, 0, 1, 1, 1</column>
<column name="ap_sig_bdd_3050">and, 0, 0, 1, 1, 1</column>
<column name="ap_sig_bdd_3052">and, 0, 0, 1, 1, 1</column>
<column name="ap_sig_bdd_3054">and, 0, 0, 1, 1, 1</column>
<column name="ap_sig_bdd_3056">and, 0, 0, 1, 1, 1</column>
<column name="ap_sig_bdd_3058">and, 0, 0, 1, 1, 1</column>
<column name="ap_sig_bdd_3118">and, 0, 0, 1, 1, 1</column>
<column name="ap_sig_bdd_3120">and, 0, 0, 1, 1, 1</column>
<column name="ap_sig_bdd_3123">and, 0, 0, 1, 1, 1</column>
<column name="ap_sig_bdd_3125">and, 0, 0, 1, 1, 1</column>
<column name="ap_sig_bdd_3127">and, 0, 0, 1, 1, 1</column>
<column name="ap_sig_bdd_3129">and, 0, 0, 1, 1, 1</column>
<column name="ap_sig_bdd_3131">and, 0, 0, 1, 1, 1</column>
<column name="ap_sig_bdd_3133">and, 0, 0, 1, 1, 1</column>
<column name="ap_sig_bdd_3135">and, 0, 0, 1, 1, 1</column>
<column name="ap_sig_bdd_3137">and, 0, 0, 1, 1, 1</column>
<column name="ap_sig_bdd_3139">and, 0, 0, 1, 1, 1</column>
<column name="ap_sig_bdd_3141">and, 0, 0, 1, 1, 1</column>
<column name="ap_sig_bdd_3143">and, 0, 0, 1, 1, 1</column>
<column name="ap_sig_bdd_3145">and, 0, 0, 1, 1, 1</column>
<column name="ap_sig_bdd_3147">and, 0, 0, 1, 1, 1</column>
<column name="ap_sig_bdd_3149">and, 0, 0, 1, 1, 1</column>
<column name="ap_sig_bdd_3151">and, 0, 0, 1, 1, 1</column>
<column name="ap_sig_bdd_3153">and, 0, 0, 1, 1, 1</column>
<column name="ap_sig_bdd_3155">and, 0, 0, 1, 1, 1</column>
<column name="ap_sig_bdd_3157">and, 0, 0, 1, 1, 1</column>
<column name="ap_sig_bdd_3159">and, 0, 0, 1, 1, 1</column>
<column name="ap_sig_bdd_3161">and, 0, 0, 1, 1, 1</column>
<column name="ap_sig_bdd_3163">and, 0, 0, 1, 1, 1</column>
<column name="ap_sig_bdd_3165">and, 0, 0, 1, 1, 1</column>
<column name="ap_sig_bdd_3167">and, 0, 0, 1, 1, 1</column>
<column name="ap_sig_bdd_3169">and, 0, 0, 1, 1, 1</column>
<column name="ap_sig_bdd_3171">and, 0, 0, 1, 1, 1</column>
<column name="ap_sig_bdd_3173">and, 0, 0, 1, 1, 1</column>
<column name="ap_sig_bdd_3175">and, 0, 0, 1, 1, 1</column>
<column name="ap_sig_bdd_3177">and, 0, 0, 1, 1, 1</column>
<column name="ap_sig_bdd_3179">and, 0, 0, 1, 1, 1</column>
<column name="ap_sig_bdd_3181">and, 0, 0, 1, 1, 1</column>
<column name="ap_sig_bdd_3183">and, 0, 0, 1, 1, 1</column>
<column name="ap_sig_bdd_3185">and, 0, 0, 1, 1, 1</column>
<column name="ap_sig_bdd_3187">and, 0, 0, 1, 1, 1</column>
<column name="ap_sig_bdd_3189">and, 0, 0, 1, 1, 1</column>
<column name="ap_sig_bdd_3191">and, 0, 0, 1, 1, 1</column>
<column name="ap_sig_bdd_3193">and, 0, 0, 1, 1, 1</column>
<column name="ap_sig_bdd_3195">and, 0, 0, 1, 1, 1</column>
<column name="ap_sig_bdd_3197">and, 0, 0, 1, 1, 1</column>
<column name="ap_sig_bdd_3199">and, 0, 0, 1, 1, 1</column>
<column name="ap_sig_bdd_3201">and, 0, 0, 1, 1, 1</column>
<column name="ap_sig_bdd_3203">and, 0, 0, 1, 1, 1</column>
<column name="ap_sig_bdd_3205">and, 0, 0, 1, 1, 1</column>
<column name="ap_sig_bdd_3207">and, 0, 0, 1, 1, 1</column>
<column name="ap_sig_bdd_3209">and, 0, 0, 1, 1, 1</column>
<column name="ap_sig_bdd_3211">and, 0, 0, 1, 1, 1</column>
<column name="ap_sig_bdd_3213">and, 0, 0, 1, 1, 1</column>
<column name="ap_sig_bdd_3215">and, 0, 0, 1, 1, 1</column>
<column name="ap_sig_bdd_3217">and, 0, 0, 1, 1, 1</column>
<column name="ap_sig_bdd_3219">and, 0, 0, 1, 1, 1</column>
<column name="ap_sig_bdd_3221">and, 0, 0, 1, 1, 1</column>
<column name="ap_sig_bdd_3223">and, 0, 0, 1, 1, 1</column>
<column name="ap_sig_bdd_3225">and, 0, 0, 1, 1, 1</column>
<column name="ap_sig_bdd_3227">and, 0, 0, 1, 1, 1</column>
<column name="ap_sig_bdd_3229">and, 0, 0, 1, 1, 1</column>
<column name="ap_sig_bdd_3231">and, 0, 0, 1, 1, 1</column>
<column name="ap_sig_bdd_3233">and, 0, 0, 1, 1, 1</column>
<column name="ap_sig_bdd_3235">and, 0, 0, 1, 1, 1</column>
<column name="ap_sig_bdd_3237">and, 0, 0, 1, 1, 1</column>
<column name="ap_sig_bdd_3297">and, 0, 0, 1, 1, 1</column>
<column name="ap_sig_bdd_3299">and, 0, 0, 1, 1, 1</column>
<column name="ap_sig_bdd_509">and, 0, 0, 1, 1, 1</column>
<column name="ap_sig_bdd_536">and, 0, 0, 1, 1, 1</column>
<column name="buff_full1_flag_2_s_fu_5347_p2">and, 0, 0, 1, 1, 1</column>
<column name="p_buff_full2_flag_2_fu_5359_p2">and, 0, 0, 1, 1, 1</column>
<column name="tmp_45_fu_4453_p2">and, 0, 0, 20, 16, 16</column>
<column name="tmp_46_fu_4459_p2">and, 0, 0, 20, 16, 16</column>
<column name="tmp_47_fu_4465_p2">and, 0, 0, 20, 16, 16</column>
<column name="tmp_67_fu_3656_p2">and, 0, 0, 20, 16, 16</column>
<column name="tmp_68_fu_3662_p2">and, 0, 0, 20, 16, 16</column>
<column name="tmp_69_fu_3668_p2">and, 0, 0, 20, 16, 16</column>
<column name="exitcond124_i_fu_5151_p2">icmp, 0, 0, 8, 7, 8</column>
<column name="exitcond125_i_fu_2969_p2">icmp, 0, 0, 7, 7, 5</column>
<column name="exitcond_i_fu_5239_p2">icmp, 0, 0, 8, 7, 8</column>
<column name="grp_fu_1865_p2">icmp, 0, 0, 14, 12, 12</column>
<column name="tmp_10_fu_5336_p2">icmp, 0, 0, 20, 16, 6</column>
<column name="tmp_12_fu_5370_p2">icmp, 0, 0, 20, 16, 9</column>
<column name="tmp_15_fu_5201_p2">icmp, 0, 0, 20, 16, 1</column>
<column name="tmp_16_fu_5207_p2">icmp, 0, 0, 7, 7, 6</column>
<column name="tmp_23_fu_5289_p2">icmp, 0, 0, 20, 16, 1</column>
<column name="tmp_24_fu_5295_p2">icmp, 0, 0, 7, 7, 6</column>
<column name="tmp_4_fu_5251_p2">icmp, 0, 0, 7, 7, 6</column>
<column name="tmp_9_fu_5163_p2">icmp, 0, 0, 7, 7, 6</column>
<column name="tmp_fu_2981_p2">icmp, 0, 0, 8, 8, 2</column>
<column name="Hi_assign_2_fu_3532_p2">or, 0, 0, 14, 12, 3</column>
<column name="ap_sig_bdd_201">or, 0, 0, 1, 1, 1</column>
<column name="brmerge_i_fu_5329_p2">or, 0, 0, 1, 1, 1</column>
<column name="buff_full1_flag_4_fu_5353_p2">or, 0, 0, 1, 1, 1</column>
<column name="buff_full2_flag_4_fu_5364_p2">or, 0, 0, 1, 1, 1</column>
<column name="p_Result_240_fu_4471_p2">or, 0, 0, 20, 16, 16</column>
<column name="p_Result_241_fu_3674_p2">or, 0, 0, 20, 16, 16</column>
<column name="p_buff_in_new_demorgan_fu_5414_p2">or, 0, 0, 1, 1, 1</column>
<column name="p_cur_trans_flag_2_fu_5394_p2">or, 0, 0, 1, 1, 1</column>
<column name="p_cur_trans_flag_fu_3487_p2">or, 0, 0, 1, 1, 1</column>
<column name="p_nb_eol_flag_3_fu_5307_p2">or, 0, 0, 1, 1, 1</column>
<column name="p_nb_eol_flag_5_fu_5425_p2">or, 0, 0, 1, 1, 1</column>
<column name="tmp1_fu_5388_p2">or, 0, 0, 1, 1, 1</column>
<column name="tmp_11_fu_5177_p2">or, 0, 0, 8, 7, 7</column>
<column name="tmp_19_fu_5265_p2">or, 0, 0, 8, 7, 7</column>
<column name="tmp_20_fu_5400_p2">or, 0, 0, 1, 1, 1</column>
<column name="tmp_44_fu_4441_p2">or, 0, 0, 20, 16, 16</column>
<column name="tmp_66_fu_3644_p2">or, 0, 0, 20, 16, 16</column>
<column name="tmp_38_fu_4400_p2">shl, 0, 0, 37, 16, 16</column>
<column name="tmp_41_fu_4423_p2">shl, 0, 0, 37, 2, 16</column>
<column name="tmp_43_fu_4435_p2">shl, 0, 0, 37, 2, 16</column>
<column name="tmp_60_fu_3603_p2">shl, 0, 0, 37, 16, 16</column>
<column name="tmp_63_fu_3626_p2">shl, 0, 0, 37, 2, 16</column>
<column name="tmp_65_fu_3638_p2">shl, 0, 0, 37, 2, 16</column>
<column name="not_buff_in_load_fu_5342_p2">xor, 0, 0, 2, 1, 2</column>
<column name="p_buff_in_new_fu_5419_p2">xor, 0, 0, 2, 1, 2</column>
<column name="p_not1_fu_4447_p2">xor, 0, 0, 20, 16, 2</column>
<column name="p_not_fu_3650_p2">xor, 0, 0, 20, 16, 2</column>
<column name="tmp_42_fu_4429_p2">xor, 0, 0, 20, 16, 2</column>
<column name="tmp_64_fu_3632_p2">xor, 0, 0, 20, 16, 2</column>
</table>
</item>
<item name = "Multiplexer"><table name="" hasTotal="1">
<keys size="5">Name, LUT, Input Size, Bits, Total Bits</keys>
<column name="ap_NS_fsm">2, 8, 1, 8</column>
<column name="ap_reg_ppiten_pp0_it1">1, 2, 1, 2</column>
<column name="ap_sig_ioackin_dst_V_V_TREADY">1, 2, 1, 2</column>
<column name="buff_full1_load_1_reg_1549">1, 2, 1, 2</column>
<column name="buff_full2_load_1_reg_1829">1, 2, 1, 2</column>
<column name="cur_range_loc_phi_fu_1008_p4">8, 2, 8, 16</column>
<column name="cur_range_loc_reg_1005">8, 2, 8, 16</column>
<column name="cur_strm_0_i_reg_1015">7, 2, 7, 14</column>
<column name="cur_trans2_0_i_reg_1370">7, 2, 7, 14</column>
<column name="cur_trans3_0_i_reg_1642">7, 2, 7, 14</column>
<column name="cur_trans_flag_reg_1040">1, 2, 1, 2</column>
<column name="cur_trans_loc_reg_1064">16, 2, 16, 32</column>
<column name="nb_eol_flag_3_reg_1587">1, 2, 1, 2</column>
<column name="nb_eol_flag_5_reg_1783">1, 2, 1, 2</column>
<column name="nb_eol_loc_2_reg_1538">16, 2, 16, 32</column>
<column name="nb_eol_loc_3_reg_1609">16, 2, 16, 32</column>
<column name="nb_eol_loc_5_reg_1805">16, 2, 16, 32</column>
<column name="nb_eol_loc_reg_1336">16, 2, 16, 32</column>
<column name="nb_eol_new_3_reg_1598">16, 2, 16, 32</column>
<column name="nb_eol_new_5_reg_1794">16, 2, 16, 32</column>
<column name="p_086_0_i_reg_1346">16, 2, 16, 32</column>
<column name="p_086_1_i_reg_1561">16, 2, 16, 32</column>
<column name="p_086_2_i_reg_1620">16, 2, 16, 32</column>
<column name="p_Result_120_fu_486">16, 2, 16, 32</column>
<column name="p_Result_121_fu_490">16, 2, 16, 32</column>
<column name="p_Result_122_fu_494">16, 2, 16, 32</column>
<column name="p_Result_123_fu_498">16, 2, 16, 32</column>
<column name="p_Result_124_fu_502">16, 2, 16, 32</column>
<column name="p_Result_125_fu_506">16, 2, 16, 32</column>
<column name="p_Result_126_fu_510">16, 2, 16, 32</column>
<column name="p_Result_127_fu_514">16, 2, 16, 32</column>
<column name="p_Result_128_fu_518">16, 2, 16, 32</column>
<column name="p_Result_129_fu_522">16, 2, 16, 32</column>
<column name="p_Result_130_fu_526">16, 2, 16, 32</column>
<column name="p_Result_131_fu_530">16, 2, 16, 32</column>
<column name="p_Result_132_fu_534">16, 2, 16, 32</column>
<column name="p_Result_133_fu_538">16, 2, 16, 32</column>
<column name="p_Result_134_fu_542">16, 2, 16, 32</column>
<column name="p_Result_135_fu_546">16, 2, 16, 32</column>
<column name="p_Result_136_fu_550">16, 2, 16, 32</column>
<column name="p_Result_137_fu_554">16, 2, 16, 32</column>
<column name="p_Result_138_fu_558">16, 2, 16, 32</column>
<column name="p_Result_139_fu_562">16, 2, 16, 32</column>
<column name="p_Result_140_fu_566">16, 2, 16, 32</column>
<column name="p_Result_141_fu_570">16, 2, 16, 32</column>
<column name="p_Result_142_fu_574">16, 2, 16, 32</column>
<column name="p_Result_143_fu_578">16, 2, 16, 32</column>
<column name="p_Result_144_fu_582">16, 2, 16, 32</column>
<column name="p_Result_145_fu_586">16, 2, 16, 32</column>
<column name="p_Result_146_fu_590">16, 2, 16, 32</column>
<column name="p_Result_147_fu_594">16, 2, 16, 32</column>
<column name="p_Result_148_fu_598">16, 2, 16, 32</column>
<column name="p_Result_149_fu_602">16, 2, 16, 32</column>
<column name="p_Result_150_fu_606">16, 2, 16, 32</column>
<column name="p_Result_151_fu_610">16, 2, 16, 32</column>
<column name="p_Result_152_fu_614">16, 2, 16, 32</column>
<column name="p_Result_153_fu_618">16, 2, 16, 32</column>
<column name="p_Result_154_fu_622">16, 2, 16, 32</column>
<column name="p_Result_155_fu_626">16, 2, 16, 32</column>
<column name="p_Result_156_fu_630">16, 2, 16, 32</column>
<column name="p_Result_157_fu_634">16, 2, 16, 32</column>
<column name="p_Result_158_fu_638">16, 2, 16, 32</column>
<column name="p_Result_159_fu_642">16, 2, 16, 32</column>
<column name="p_Result_160_fu_646">16, 2, 16, 32</column>
<column name="p_Result_161_fu_650">16, 2, 16, 32</column>
<column name="p_Result_162_fu_654">16, 2, 16, 32</column>
<column name="p_Result_163_fu_658">16, 2, 16, 32</column>
<column name="p_Result_164_fu_662">16, 2, 16, 32</column>
<column name="p_Result_165_fu_666">16, 2, 16, 32</column>
<column name="p_Result_166_fu_670">16, 2, 16, 32</column>
<column name="p_Result_167_fu_674">16, 2, 16, 32</column>
<column name="p_Result_168_fu_678">16, 2, 16, 32</column>
<column name="p_Result_169_fu_682">16, 2, 16, 32</column>
<column name="p_Result_170_fu_686">16, 2, 16, 32</column>
<column name="p_Result_171_fu_690">16, 2, 16, 32</column>
<column name="p_Result_172_fu_694">16, 2, 16, 32</column>
<column name="p_Result_173_fu_698">16, 2, 16, 32</column>
<column name="p_Result_174_fu_702">16, 2, 16, 32</column>
<column name="p_Result_175_fu_706">16, 2, 16, 32</column>
<column name="p_Result_176_fu_710">16, 2, 16, 32</column>
<column name="p_Result_177_fu_714">16, 2, 16, 32</column>
<column name="p_Result_178_fu_718">16, 2, 16, 32</column>
<column name="p_Result_179_fu_722">16, 2, 16, 32</column>
<column name="p_Result_180_fu_726">16, 2, 16, 32</column>
<column name="p_Result_181_fu_730">16, 2, 16, 32</column>
<column name="p_Result_182_fu_734">16, 2, 16, 32</column>
<column name="p_Result_183_fu_738">16, 2, 16, 32</column>
<column name="p_Result_184_fu_742">16, 2, 16, 32</column>
<column name="p_Result_185_fu_746">16, 2, 16, 32</column>
<column name="p_Result_186_fu_750">16, 2, 16, 32</column>
<column name="p_Result_187_fu_754">16, 2, 16, 32</column>
<column name="p_Result_188_fu_758">16, 2, 16, 32</column>
<column name="p_Result_189_fu_762">16, 2, 16, 32</column>
<column name="p_Result_190_fu_766">16, 2, 16, 32</column>
<column name="p_Result_191_fu_770">16, 2, 16, 32</column>
<column name="p_Result_192_fu_774">16, 2, 16, 32</column>
<column name="p_Result_193_fu_778">16, 2, 16, 32</column>
<column name="p_Result_194_fu_782">16, 2, 16, 32</column>
<column name="p_Result_195_fu_786">16, 2, 16, 32</column>
<column name="p_Result_196_fu_790">16, 2, 16, 32</column>
<column name="p_Result_197_fu_794">16, 2, 16, 32</column>
<column name="p_Result_198_fu_798">16, 2, 16, 32</column>
<column name="p_Result_199_fu_802">16, 2, 16, 32</column>
<column name="p_Result_200_fu_806">16, 2, 16, 32</column>
<column name="p_Result_201_fu_810">16, 2, 16, 32</column>
<column name="p_Result_202_fu_814">16, 2, 16, 32</column>
<column name="p_Result_203_fu_818">16, 2, 16, 32</column>
<column name="p_Result_204_fu_822">16, 2, 16, 32</column>
<column name="p_Result_205_fu_826">16, 2, 16, 32</column>
<column name="p_Result_206_fu_830">16, 2, 16, 32</column>
<column name="p_Result_207_fu_834">16, 2, 16, 32</column>
<column name="p_Result_208_fu_838">16, 2, 16, 32</column>
<column name="p_Result_209_fu_842">16, 2, 16, 32</column>
<column name="p_Result_210_fu_846">16, 2, 16, 32</column>
<column name="p_Result_211_fu_850">16, 2, 16, 32</column>
<column name="p_Result_212_fu_854">16, 2, 16, 32</column>
<column name="p_Result_213_fu_858">16, 2, 16, 32</column>
<column name="p_Result_214_fu_862">16, 2, 16, 32</column>
<column name="p_Result_215_fu_866">16, 2, 16, 32</column>
<column name="p_Result_216_fu_870">16, 2, 16, 32</column>
<column name="p_Result_217_fu_874">16, 2, 16, 32</column>
<column name="p_Result_218_fu_878">16, 2, 16, 32</column>
<column name="p_Result_219_fu_882">16, 2, 16, 32</column>
<column name="p_Result_220_fu_886">16, 2, 16, 32</column>
<column name="p_Result_221_fu_890">16, 2, 16, 32</column>
<column name="p_Result_222_fu_894">16, 2, 16, 32</column>
<column name="p_Result_223_fu_898">16, 2, 16, 32</column>
<column name="p_Result_224_fu_902">16, 2, 16, 32</column>
<column name="p_Result_225_fu_906">16, 2, 16, 32</column>
<column name="p_Result_226_fu_910">16, 2, 16, 32</column>
<column name="p_Result_227_fu_914">16, 2, 16, 32</column>
<column name="p_Result_228_fu_918">16, 2, 16, 32</column>
<column name="p_Result_229_fu_922">16, 2, 16, 32</column>
<column name="p_Result_230_fu_926">16, 2, 16, 32</column>
<column name="p_Result_231_fu_930">16, 2, 16, 32</column>
<column name="p_Result_232_fu_934">16, 2, 16, 32</column>
<column name="p_Result_233_fu_938">16, 2, 16, 32</column>
<column name="p_Result_234_fu_942">16, 2, 16, 32</column>
<column name="p_Result_235_fu_946">16, 2, 16, 32</column>
<column name="p_Result_236_fu_950">16, 2, 16, 32</column>
<column name="p_Result_237_fu_954">16, 2, 16, 32</column>
<column name="p_Result_238_fu_958">16, 2, 16, 32</column>
<column name="p_Result_239_fu_962">16, 2, 16, 32</column>
<column name="p_Val2_1_phi_fu_1077_p120">288, 61, 16, 976</column>
<column name="p_Val2_s_phi_fu_1202_p120">288, 61, 16, 976</column>
<column name="sof_0_i_reg_1358">1, 2, 1, 2</column>
<column name="sof_2_i_reg_1574">1, 2, 1, 2</column>
<column name="sof_3_i_reg_1631">1, 2, 1, 2</column>
<column name="sof_5_i_reg_1852">1, 2, 1, 2</column>
<column name="tmp_V_reg_1840">16, 2, 16, 32</column>
<column name="tmpi_out_V_1_phi_fu_1657_p122">288, 62, 16, 992</column>
<column name="tmpi_out_V_phi_fu_1385_p122">288, 62, 16, 992</column>
</table>
</item>
<item name = "Register"><table name="" hasTotal="1">
<keys size="5">Name, FF, LUT, Bits, Const Bits</keys>
<column name="ap_CS_fsm">7, 0, 7, 0</column>
<column name="ap_done_reg">1, 0, 1, 0</column>
<column name="ap_reg_ioackin_dst_V_V_TREADY">1, 0, 1, 0</column>
<column name="ap_reg_ppiten_pp0_it0">1, 0, 1, 0</column>
<column name="ap_reg_ppiten_pp0_it1">1, 0, 1, 0</column>
<column name="buff_full1">1, 0, 1, 0</column>
<column name="buff_full1_flag_2_reg_1511">1, 0, 1, 0</column>
<column name="buff_full1_load_1_reg_1549">1, 0, 1, 0</column>
<column name="buff_full2">1, 0, 1, 0</column>
<column name="buff_full2_flag_2_reg_1816">1, 0, 1, 0</column>
<column name="buff_full2_load_1_reg_1829">1, 0, 1, 0</column>
<column name="buff_in">1, 0, 1, 0</column>
<column name="buff_in_load_reg_6307">1, 0, 1, 0</column>
<column name="cur_range">8, 0, 8, 0</column>
<column name="cur_range_flag_reg_1026">1, 0, 1, 0</column>
<column name="cur_range_loc_reg_1005">8, 0, 8, 0</column>
<column name="cur_strm_0_i_reg_1015">7, 0, 7, 0</column>
<column name="cur_trans">16, 0, 16, 0</column>
<column name="cur_trans2_0_i_reg_1370">7, 0, 7, 0</column>
<column name="cur_trans3_0_i_reg_1642">7, 0, 7, 0</column>
<column name="cur_trans_flag_reg_1040">1, 0, 1, 0</column>
<column name="cur_trans_loc_reg_1064">16, 0, 16, 0</column>
<column name="cur_trans_new_reg_1052">16, 0, 16, 0</column>
<column name="exitcond125_i_reg_6320">1, 0, 1, 0</column>
<column name="linebuffer1b_V_0">16, 0, 16, 0</column>
<column name="linebuffer1b_V_1">16, 0, 16, 0</column>
<column name="linebuffer1b_V_10">16, 0, 16, 0</column>
<column name="linebuffer1b_V_11">16, 0, 16, 0</column>
<column name="linebuffer1b_V_12">16, 0, 16, 0</column>
<column name="linebuffer1b_V_13">16, 0, 16, 0</column>
<column name="linebuffer1b_V_14">16, 0, 16, 0</column>
<column name="linebuffer1b_V_15">16, 0, 16, 0</column>
<column name="linebuffer1b_V_16">16, 0, 16, 0</column>
<column name="linebuffer1b_V_17">16, 0, 16, 0</column>
<column name="linebuffer1b_V_18">16, 0, 16, 0</column>
<column name="linebuffer1b_V_19">16, 0, 16, 0</column>
<column name="linebuffer1b_V_2">16, 0, 16, 0</column>
<column name="linebuffer1b_V_20">16, 0, 16, 0</column>
<column name="linebuffer1b_V_21">16, 0, 16, 0</column>
<column name="linebuffer1b_V_22">16, 0, 16, 0</column>
<column name="linebuffer1b_V_23">16, 0, 16, 0</column>
<column name="linebuffer1b_V_24">16, 0, 16, 0</column>
<column name="linebuffer1b_V_25">16, 0, 16, 0</column>
<column name="linebuffer1b_V_26">16, 0, 16, 0</column>
<column name="linebuffer1b_V_27">16, 0, 16, 0</column>
<column name="linebuffer1b_V_28">16, 0, 16, 0</column>
<column name="linebuffer1b_V_29">16, 0, 16, 0</column>
<column name="linebuffer1b_V_3">16, 0, 16, 0</column>
<column name="linebuffer1b_V_30">16, 0, 16, 0</column>
<column name="linebuffer1b_V_31">16, 0, 16, 0</column>
<column name="linebuffer1b_V_32">16, 0, 16, 0</column>
<column name="linebuffer1b_V_33">16, 0, 16, 0</column>
<column name="linebuffer1b_V_34">16, 0, 16, 0</column>
<column name="linebuffer1b_V_35">16, 0, 16, 0</column>
<column name="linebuffer1b_V_36">16, 0, 16, 0</column>
<column name="linebuffer1b_V_37">16, 0, 16, 0</column>
<column name="linebuffer1b_V_38">16, 0, 16, 0</column>
<column name="linebuffer1b_V_39">16, 0, 16, 0</column>
<column name="linebuffer1b_V_4">16, 0, 16, 0</column>
<column name="linebuffer1b_V_40">16, 0, 16, 0</column>
<column name="linebuffer1b_V_41">16, 0, 16, 0</column>
<column name="linebuffer1b_V_42">16, 0, 16, 0</column>
<column name="linebuffer1b_V_43">16, 0, 16, 0</column>
<column name="linebuffer1b_V_44">16, 0, 16, 0</column>
<column name="linebuffer1b_V_45">16, 0, 16, 0</column>
<column name="linebuffer1b_V_46">16, 0, 16, 0</column>
<column name="linebuffer1b_V_47">16, 0, 16, 0</column>
<column name="linebuffer1b_V_48">16, 0, 16, 0</column>
<column name="linebuffer1b_V_49">16, 0, 16, 0</column>
<column name="linebuffer1b_V_5">16, 0, 16, 0</column>
<column name="linebuffer1b_V_50">16, 0, 16, 0</column>
<column name="linebuffer1b_V_51">16, 0, 16, 0</column>
<column name="linebuffer1b_V_52">16, 0, 16, 0</column>
<column name="linebuffer1b_V_53">16, 0, 16, 0</column>
<column name="linebuffer1b_V_54">16, 0, 16, 0</column>
<column name="linebuffer1b_V_55">16, 0, 16, 0</column>
<column name="linebuffer1b_V_56">16, 0, 16, 0</column>
<column name="linebuffer1b_V_57">16, 0, 16, 0</column>
<column name="linebuffer1b_V_58">16, 0, 16, 0</column>
<column name="linebuffer1b_V_59">16, 0, 16, 0</column>
<column name="linebuffer1b_V_6">16, 0, 16, 0</column>
<column name="linebuffer1b_V_7">16, 0, 16, 0</column>
<column name="linebuffer1b_V_8">16, 0, 16, 0</column>
<column name="linebuffer1b_V_9">16, 0, 16, 0</column>
<column name="linebuffer2b_V_0">16, 0, 16, 0</column>
<column name="linebuffer2b_V_1">16, 0, 16, 0</column>
<column name="linebuffer2b_V_10">16, 0, 16, 0</column>
<column name="linebuffer2b_V_11">16, 0, 16, 0</column>
<column name="linebuffer2b_V_12">16, 0, 16, 0</column>
<column name="linebuffer2b_V_13">16, 0, 16, 0</column>
<column name="linebuffer2b_V_14">16, 0, 16, 0</column>
<column name="linebuffer2b_V_15">16, 0, 16, 0</column>
<column name="linebuffer2b_V_16">16, 0, 16, 0</column>
<column name="linebuffer2b_V_17">16, 0, 16, 0</column>
<column name="linebuffer2b_V_18">16, 0, 16, 0</column>
<column name="linebuffer2b_V_19">16, 0, 16, 0</column>
<column name="linebuffer2b_V_2">16, 0, 16, 0</column>
<column name="linebuffer2b_V_20">16, 0, 16, 0</column>
<column name="linebuffer2b_V_21">16, 0, 16, 0</column>
<column name="linebuffer2b_V_22">16, 0, 16, 0</column>
<column name="linebuffer2b_V_23">16, 0, 16, 0</column>
<column name="linebuffer2b_V_24">16, 0, 16, 0</column>
<column name="linebuffer2b_V_25">16, 0, 16, 0</column>
<column name="linebuffer2b_V_26">16, 0, 16, 0</column>
<column name="linebuffer2b_V_27">16, 0, 16, 0</column>
<column name="linebuffer2b_V_28">16, 0, 16, 0</column>
<column name="linebuffer2b_V_29">16, 0, 16, 0</column>
<column name="linebuffer2b_V_3">16, 0, 16, 0</column>
<column name="linebuffer2b_V_30">16, 0, 16, 0</column>
<column name="linebuffer2b_V_31">16, 0, 16, 0</column>
<column name="linebuffer2b_V_32">16, 0, 16, 0</column>
<column name="linebuffer2b_V_33">16, 0, 16, 0</column>
<column name="linebuffer2b_V_34">16, 0, 16, 0</column>
<column name="linebuffer2b_V_35">16, 0, 16, 0</column>
<column name="linebuffer2b_V_36">16, 0, 16, 0</column>
<column name="linebuffer2b_V_37">16, 0, 16, 0</column>
<column name="linebuffer2b_V_38">16, 0, 16, 0</column>
<column name="linebuffer2b_V_39">16, 0, 16, 0</column>
<column name="linebuffer2b_V_4">16, 0, 16, 0</column>
<column name="linebuffer2b_V_40">16, 0, 16, 0</column>
<column name="linebuffer2b_V_41">16, 0, 16, 0</column>
<column name="linebuffer2b_V_42">16, 0, 16, 0</column>
<column name="linebuffer2b_V_43">16, 0, 16, 0</column>
<column name="linebuffer2b_V_44">16, 0, 16, 0</column>
<column name="linebuffer2b_V_45">16, 0, 16, 0</column>
<column name="linebuffer2b_V_46">16, 0, 16, 0</column>
<column name="linebuffer2b_V_47">16, 0, 16, 0</column>
<column name="linebuffer2b_V_48">16, 0, 16, 0</column>
<column name="linebuffer2b_V_49">16, 0, 16, 0</column>
<column name="linebuffer2b_V_5">16, 0, 16, 0</column>
<column name="linebuffer2b_V_50">16, 0, 16, 0</column>
<column name="linebuffer2b_V_51">16, 0, 16, 0</column>
<column name="linebuffer2b_V_52">16, 0, 16, 0</column>
<column name="linebuffer2b_V_53">16, 0, 16, 0</column>
<column name="linebuffer2b_V_54">16, 0, 16, 0</column>
<column name="linebuffer2b_V_55">16, 0, 16, 0</column>
<column name="linebuffer2b_V_56">16, 0, 16, 0</column>
<column name="linebuffer2b_V_57">16, 0, 16, 0</column>
<column name="linebuffer2b_V_58">16, 0, 16, 0</column>
<column name="linebuffer2b_V_59">16, 0, 16, 0</column>
<column name="linebuffer2b_V_6">16, 0, 16, 0</column>
<column name="linebuffer2b_V_7">16, 0, 16, 0</column>
<column name="linebuffer2b_V_8">16, 0, 16, 0</column>
<column name="linebuffer2b_V_9">16, 0, 16, 0</column>
<column name="nb_eol">16, 0, 16, 0</column>
<column name="nb_eol_flag_3_reg_1587">1, 0, 1, 0</column>
<column name="nb_eol_flag_5_reg_1783">1, 0, 1, 0</column>
<column name="nb_eol_loc_2_reg_1538">16, 0, 16, 0</column>
<column name="nb_eol_loc_3_reg_1609">16, 0, 16, 0</column>
<column name="nb_eol_loc_5_reg_1805">16, 0, 16, 0</column>
<column name="nb_eol_loc_reg_1336">16, 0, 16, 0</column>
<column name="nb_eol_new_2_reg_1525">16, 0, 16, 0</column>
<column name="nb_eol_new_3_reg_1598">16, 0, 16, 0</column>
<column name="nb_eol_new_5_reg_1794">16, 0, 16, 0</column>
<column name="nb_eol_new_reg_1324">16, 0, 16, 0</column>
<column name="p_086_0_i_reg_1346">16, 0, 16, 0</column>
<column name="p_086_1_i_reg_1561">16, 0, 16, 0</column>
<column name="p_086_2_i_reg_1620">16, 0, 16, 0</column>
<column name="p_Repl2_s_reg_6314">16, 0, 16, 0</column>
<column name="p_Result_120_fu_486">16, 0, 16, 0</column>
<column name="p_Result_120_load_reg_6346">16, 0, 16, 0</column>
<column name="p_Result_121_fu_490">16, 0, 16, 0</column>
<column name="p_Result_121_load_reg_6351">16, 0, 16, 0</column>
<column name="p_Result_122_fu_494">16, 0, 16, 0</column>
<column name="p_Result_122_load_reg_6356">16, 0, 16, 0</column>
<column name="p_Result_123_fu_498">16, 0, 16, 0</column>
<column name="p_Result_123_load_reg_6361">16, 0, 16, 0</column>
<column name="p_Result_124_fu_502">16, 0, 16, 0</column>
<column name="p_Result_124_load_reg_6366">16, 0, 16, 0</column>
<column name="p_Result_125_fu_506">16, 0, 16, 0</column>
<column name="p_Result_125_load_reg_6371">16, 0, 16, 0</column>
<column name="p_Result_126_fu_510">16, 0, 16, 0</column>
<column name="p_Result_126_load_reg_6376">16, 0, 16, 0</column>
<column name="p_Result_127_fu_514">16, 0, 16, 0</column>
<column name="p_Result_127_load_reg_6381">16, 0, 16, 0</column>
<column name="p_Result_128_fu_518">16, 0, 16, 0</column>
<column name="p_Result_128_load_reg_6386">16, 0, 16, 0</column>
<column name="p_Result_129_fu_522">16, 0, 16, 0</column>
<column name="p_Result_129_load_reg_6391">16, 0, 16, 0</column>
<column name="p_Result_130_fu_526">16, 0, 16, 0</column>
<column name="p_Result_130_load_reg_6396">16, 0, 16, 0</column>
<column name="p_Result_131_fu_530">16, 0, 16, 0</column>
<column name="p_Result_131_load_reg_6401">16, 0, 16, 0</column>
<column name="p_Result_132_fu_534">16, 0, 16, 0</column>
<column name="p_Result_132_load_reg_6406">16, 0, 16, 0</column>
<column name="p_Result_133_fu_538">16, 0, 16, 0</column>
<column name="p_Result_133_load_reg_6411">16, 0, 16, 0</column>
<column name="p_Result_134_fu_542">16, 0, 16, 0</column>
<column name="p_Result_134_load_reg_6416">16, 0, 16, 0</column>
<column name="p_Result_135_fu_546">16, 0, 16, 0</column>
<column name="p_Result_135_load_reg_6421">16, 0, 16, 0</column>
<column name="p_Result_136_fu_550">16, 0, 16, 0</column>
<column name="p_Result_136_load_reg_6426">16, 0, 16, 0</column>
<column name="p_Result_137_fu_554">16, 0, 16, 0</column>
<column name="p_Result_137_load_reg_6431">16, 0, 16, 0</column>
<column name="p_Result_138_fu_558">16, 0, 16, 0</column>
<column name="p_Result_138_load_reg_6436">16, 0, 16, 0</column>
<column name="p_Result_139_fu_562">16, 0, 16, 0</column>
<column name="p_Result_139_load_reg_6441">16, 0, 16, 0</column>
<column name="p_Result_140_fu_566">16, 0, 16, 0</column>
<column name="p_Result_140_load_reg_6446">16, 0, 16, 0</column>
<column name="p_Result_141_fu_570">16, 0, 16, 0</column>
<column name="p_Result_141_load_reg_6451">16, 0, 16, 0</column>
<column name="p_Result_142_fu_574">16, 0, 16, 0</column>
<column name="p_Result_142_load_reg_6456">16, 0, 16, 0</column>
<column name="p_Result_143_fu_578">16, 0, 16, 0</column>
<column name="p_Result_143_load_reg_6461">16, 0, 16, 0</column>
<column name="p_Result_144_fu_582">16, 0, 16, 0</column>
<column name="p_Result_144_load_reg_6466">16, 0, 16, 0</column>
<column name="p_Result_145_fu_586">16, 0, 16, 0</column>
<column name="p_Result_145_load_reg_6471">16, 0, 16, 0</column>
<column name="p_Result_146_fu_590">16, 0, 16, 0</column>
<column name="p_Result_146_load_reg_6476">16, 0, 16, 0</column>
<column name="p_Result_147_fu_594">16, 0, 16, 0</column>
<column name="p_Result_147_load_reg_6481">16, 0, 16, 0</column>
<column name="p_Result_148_fu_598">16, 0, 16, 0</column>
<column name="p_Result_148_load_reg_6486">16, 0, 16, 0</column>
<column name="p_Result_149_fu_602">16, 0, 16, 0</column>
<column name="p_Result_149_load_reg_6491">16, 0, 16, 0</column>
<column name="p_Result_150_fu_606">16, 0, 16, 0</column>
<column name="p_Result_150_load_reg_6496">16, 0, 16, 0</column>
<column name="p_Result_151_fu_610">16, 0, 16, 0</column>
<column name="p_Result_151_load_reg_6501">16, 0, 16, 0</column>
<column name="p_Result_152_fu_614">16, 0, 16, 0</column>
<column name="p_Result_152_load_reg_6506">16, 0, 16, 0</column>
<column name="p_Result_153_fu_618">16, 0, 16, 0</column>
<column name="p_Result_153_load_reg_6511">16, 0, 16, 0</column>
<column name="p_Result_154_fu_622">16, 0, 16, 0</column>
<column name="p_Result_154_load_reg_6516">16, 0, 16, 0</column>
<column name="p_Result_155_fu_626">16, 0, 16, 0</column>
<column name="p_Result_155_load_reg_6521">16, 0, 16, 0</column>
<column name="p_Result_156_fu_630">16, 0, 16, 0</column>
<column name="p_Result_156_load_reg_6526">16, 0, 16, 0</column>
<column name="p_Result_157_fu_634">16, 0, 16, 0</column>
<column name="p_Result_157_load_reg_6531">16, 0, 16, 0</column>
<column name="p_Result_158_fu_638">16, 0, 16, 0</column>
<column name="p_Result_158_load_reg_6536">16, 0, 16, 0</column>
<column name="p_Result_159_fu_642">16, 0, 16, 0</column>
<column name="p_Result_159_load_reg_6541">16, 0, 16, 0</column>
<column name="p_Result_160_fu_646">16, 0, 16, 0</column>
<column name="p_Result_160_load_reg_6546">16, 0, 16, 0</column>
<column name="p_Result_161_fu_650">16, 0, 16, 0</column>
<column name="p_Result_161_load_reg_6551">16, 0, 16, 0</column>
<column name="p_Result_162_fu_654">16, 0, 16, 0</column>
<column name="p_Result_162_load_reg_6556">16, 0, 16, 0</column>
<column name="p_Result_163_fu_658">16, 0, 16, 0</column>
<column name="p_Result_163_load_reg_6561">16, 0, 16, 0</column>
<column name="p_Result_164_fu_662">16, 0, 16, 0</column>
<column name="p_Result_164_load_reg_6566">16, 0, 16, 0</column>
<column name="p_Result_165_fu_666">16, 0, 16, 0</column>
<column name="p_Result_165_load_reg_6571">16, 0, 16, 0</column>
<column name="p_Result_166_fu_670">16, 0, 16, 0</column>
<column name="p_Result_166_load_reg_6576">16, 0, 16, 0</column>
<column name="p_Result_167_fu_674">16, 0, 16, 0</column>
<column name="p_Result_167_load_reg_6581">16, 0, 16, 0</column>
<column name="p_Result_168_fu_678">16, 0, 16, 0</column>
<column name="p_Result_168_load_reg_6586">16, 0, 16, 0</column>
<column name="p_Result_169_fu_682">16, 0, 16, 0</column>
<column name="p_Result_169_load_reg_6591">16, 0, 16, 0</column>
<column name="p_Result_170_fu_686">16, 0, 16, 0</column>
<column name="p_Result_170_load_reg_6596">16, 0, 16, 0</column>
<column name="p_Result_171_fu_690">16, 0, 16, 0</column>
<column name="p_Result_171_load_reg_6601">16, 0, 16, 0</column>
<column name="p_Result_172_fu_694">16, 0, 16, 0</column>
<column name="p_Result_172_load_reg_6606">16, 0, 16, 0</column>
<column name="p_Result_173_fu_698">16, 0, 16, 0</column>
<column name="p_Result_173_load_reg_6611">16, 0, 16, 0</column>
<column name="p_Result_174_fu_702">16, 0, 16, 0</column>
<column name="p_Result_174_load_reg_6616">16, 0, 16, 0</column>
<column name="p_Result_175_fu_706">16, 0, 16, 0</column>
<column name="p_Result_175_load_reg_6621">16, 0, 16, 0</column>
<column name="p_Result_176_fu_710">16, 0, 16, 0</column>
<column name="p_Result_176_load_reg_6626">16, 0, 16, 0</column>
<column name="p_Result_177_fu_714">16, 0, 16, 0</column>
<column name="p_Result_177_load_reg_6631">16, 0, 16, 0</column>
<column name="p_Result_178_fu_718">16, 0, 16, 0</column>
<column name="p_Result_178_load_reg_6636">16, 0, 16, 0</column>
<column name="p_Result_179_fu_722">16, 0, 16, 0</column>
<column name="p_Result_179_load_reg_6641">16, 0, 16, 0</column>
<column name="p_Result_180_fu_726">16, 0, 16, 0</column>
<column name="p_Result_180_load_reg_6646">16, 0, 16, 0</column>
<column name="p_Result_181_fu_730">16, 0, 16, 0</column>
<column name="p_Result_181_load_reg_6651">16, 0, 16, 0</column>
<column name="p_Result_182_fu_734">16, 0, 16, 0</column>
<column name="p_Result_182_load_reg_6656">16, 0, 16, 0</column>
<column name="p_Result_183_fu_738">16, 0, 16, 0</column>
<column name="p_Result_183_load_reg_6661">16, 0, 16, 0</column>
<column name="p_Result_184_fu_742">16, 0, 16, 0</column>
<column name="p_Result_184_load_reg_6666">16, 0, 16, 0</column>
<column name="p_Result_185_fu_746">16, 0, 16, 0</column>
<column name="p_Result_185_load_reg_6671">16, 0, 16, 0</column>
<column name="p_Result_186_fu_750">16, 0, 16, 0</column>
<column name="p_Result_186_load_reg_6676">16, 0, 16, 0</column>
<column name="p_Result_187_fu_754">16, 0, 16, 0</column>
<column name="p_Result_187_load_reg_6681">16, 0, 16, 0</column>
<column name="p_Result_188_fu_758">16, 0, 16, 0</column>
<column name="p_Result_188_load_reg_6686">16, 0, 16, 0</column>
<column name="p_Result_189_fu_762">16, 0, 16, 0</column>
<column name="p_Result_189_load_reg_6691">16, 0, 16, 0</column>
<column name="p_Result_190_fu_766">16, 0, 16, 0</column>
<column name="p_Result_190_load_reg_6696">16, 0, 16, 0</column>
<column name="p_Result_191_fu_770">16, 0, 16, 0</column>
<column name="p_Result_191_load_reg_6701">16, 0, 16, 0</column>
<column name="p_Result_192_fu_774">16, 0, 16, 0</column>
<column name="p_Result_192_load_reg_6706">16, 0, 16, 0</column>
<column name="p_Result_193_fu_778">16, 0, 16, 0</column>
<column name="p_Result_193_load_reg_6711">16, 0, 16, 0</column>
<column name="p_Result_194_fu_782">16, 0, 16, 0</column>
<column name="p_Result_194_load_reg_6716">16, 0, 16, 0</column>
<column name="p_Result_195_fu_786">16, 0, 16, 0</column>
<column name="p_Result_195_load_reg_6721">16, 0, 16, 0</column>
<column name="p_Result_196_fu_790">16, 0, 16, 0</column>
<column name="p_Result_196_load_reg_6726">16, 0, 16, 0</column>
<column name="p_Result_197_fu_794">16, 0, 16, 0</column>
<column name="p_Result_197_load_reg_6731">16, 0, 16, 0</column>
<column name="p_Result_198_fu_798">16, 0, 16, 0</column>
<column name="p_Result_198_load_reg_6736">16, 0, 16, 0</column>
<column name="p_Result_199_fu_802">16, 0, 16, 0</column>
<column name="p_Result_199_load_reg_6741">16, 0, 16, 0</column>
<column name="p_Result_200_fu_806">16, 0, 16, 0</column>
<column name="p_Result_200_load_reg_6746">16, 0, 16, 0</column>
<column name="p_Result_201_fu_810">16, 0, 16, 0</column>
<column name="p_Result_201_load_reg_6751">16, 0, 16, 0</column>
<column name="p_Result_202_fu_814">16, 0, 16, 0</column>
<column name="p_Result_202_load_reg_6756">16, 0, 16, 0</column>
<column name="p_Result_203_fu_818">16, 0, 16, 0</column>
<column name="p_Result_203_load_reg_6761">16, 0, 16, 0</column>
<column name="p_Result_204_fu_822">16, 0, 16, 0</column>
<column name="p_Result_204_load_reg_6766">16, 0, 16, 0</column>
<column name="p_Result_205_fu_826">16, 0, 16, 0</column>
<column name="p_Result_205_load_reg_6771">16, 0, 16, 0</column>
<column name="p_Result_206_fu_830">16, 0, 16, 0</column>
<column name="p_Result_206_load_reg_6776">16, 0, 16, 0</column>
<column name="p_Result_207_fu_834">16, 0, 16, 0</column>
<column name="p_Result_207_load_reg_6781">16, 0, 16, 0</column>
<column name="p_Result_208_fu_838">16, 0, 16, 0</column>
<column name="p_Result_208_load_reg_6786">16, 0, 16, 0</column>
<column name="p_Result_209_fu_842">16, 0, 16, 0</column>
<column name="p_Result_209_load_reg_6791">16, 0, 16, 0</column>
<column name="p_Result_210_fu_846">16, 0, 16, 0</column>
<column name="p_Result_210_load_reg_6796">16, 0, 16, 0</column>
<column name="p_Result_211_fu_850">16, 0, 16, 0</column>
<column name="p_Result_211_load_reg_6801">16, 0, 16, 0</column>
<column name="p_Result_212_fu_854">16, 0, 16, 0</column>
<column name="p_Result_212_load_reg_6806">16, 0, 16, 0</column>
<column name="p_Result_213_fu_858">16, 0, 16, 0</column>
<column name="p_Result_213_load_reg_6811">16, 0, 16, 0</column>
<column name="p_Result_214_fu_862">16, 0, 16, 0</column>
<column name="p_Result_214_load_reg_6816">16, 0, 16, 0</column>
<column name="p_Result_215_fu_866">16, 0, 16, 0</column>
<column name="p_Result_215_load_reg_6821">16, 0, 16, 0</column>
<column name="p_Result_216_fu_870">16, 0, 16, 0</column>
<column name="p_Result_216_load_reg_6826">16, 0, 16, 0</column>
<column name="p_Result_217_fu_874">16, 0, 16, 0</column>
<column name="p_Result_217_load_reg_6831">16, 0, 16, 0</column>
<column name="p_Result_218_fu_878">16, 0, 16, 0</column>
<column name="p_Result_218_load_reg_6836">16, 0, 16, 0</column>
<column name="p_Result_219_fu_882">16, 0, 16, 0</column>
<column name="p_Result_219_load_reg_6841">16, 0, 16, 0</column>
<column name="p_Result_220_fu_886">16, 0, 16, 0</column>
<column name="p_Result_220_load_reg_6846">16, 0, 16, 0</column>
<column name="p_Result_221_fu_890">16, 0, 16, 0</column>
<column name="p_Result_221_load_reg_6851">16, 0, 16, 0</column>
<column name="p_Result_222_fu_894">16, 0, 16, 0</column>
<column name="p_Result_222_load_reg_6856">16, 0, 16, 0</column>
<column name="p_Result_223_fu_898">16, 0, 16, 0</column>
<column name="p_Result_223_load_reg_6861">16, 0, 16, 0</column>
<column name="p_Result_224_fu_902">16, 0, 16, 0</column>
<column name="p_Result_224_load_reg_6866">16, 0, 16, 0</column>
<column name="p_Result_225_fu_906">16, 0, 16, 0</column>
<column name="p_Result_225_load_reg_6871">16, 0, 16, 0</column>
<column name="p_Result_226_fu_910">16, 0, 16, 0</column>
<column name="p_Result_226_load_reg_6876">16, 0, 16, 0</column>
<column name="p_Result_227_fu_914">16, 0, 16, 0</column>
<column name="p_Result_227_load_reg_6881">16, 0, 16, 0</column>
<column name="p_Result_228_fu_918">16, 0, 16, 0</column>
<column name="p_Result_228_load_reg_6886">16, 0, 16, 0</column>
<column name="p_Result_229_fu_922">16, 0, 16, 0</column>
<column name="p_Result_229_load_reg_6891">16, 0, 16, 0</column>
<column name="p_Result_230_fu_926">16, 0, 16, 0</column>
<column name="p_Result_230_load_reg_6896">16, 0, 16, 0</column>
<column name="p_Result_231_fu_930">16, 0, 16, 0</column>
<column name="p_Result_231_load_reg_6901">16, 0, 16, 0</column>
<column name="p_Result_232_fu_934">16, 0, 16, 0</column>
<column name="p_Result_232_load_reg_6906">16, 0, 16, 0</column>
<column name="p_Result_233_fu_938">16, 0, 16, 0</column>
<column name="p_Result_233_load_reg_6911">16, 0, 16, 0</column>
<column name="p_Result_234_fu_942">16, 0, 16, 0</column>
<column name="p_Result_234_load_reg_6916">16, 0, 16, 0</column>
<column name="p_Result_235_fu_946">16, 0, 16, 0</column>
<column name="p_Result_235_load_reg_6921">16, 0, 16, 0</column>
<column name="p_Result_236_fu_950">16, 0, 16, 0</column>
<column name="p_Result_236_load_reg_6926">16, 0, 16, 0</column>
<column name="p_Result_237_fu_954">16, 0, 16, 0</column>
<column name="p_Result_237_load_reg_6931">16, 0, 16, 0</column>
<column name="p_Result_238_fu_958">16, 0, 16, 0</column>
<column name="p_Result_238_load_reg_6936">16, 0, 16, 0</column>
<column name="p_Result_239_fu_962">16, 0, 16, 0</column>
<column name="p_Result_239_load_reg_6941">16, 0, 16, 0</column>
<column name="p_cur_range_loc_reg_6336">8, 0, 8, 0</column>
<column name="sof_0_i_reg_1358">1, 0, 1, 0</column>
<column name="sof_2_i_reg_1574">1, 0, 1, 0</column>
<column name="sof_3_i_reg_1631">1, 0, 1, 0</column>
<column name="sof_5_i_reg_1852">1, 0, 1, 0</column>
<column name="tmp_V_reg_1840">16, 0, 16, 0</column>
<column name="tmp_reg_6329">1, 0, 1, 0</column>
<column name="tmp_s_reg_6341">8, 0, 8, 0</column>
</table>
</item>
</section>
</item>
</section>

<section name = "Interface" level="0">
<item name = "Summary"><table name="" hasTotal="0">
<keys size="6">RTL Ports, Dir, Bits, Protocol, Source Object, C Type</keys>
<column name="ap_clk">in, 1, ap_ctrl_hs, hls_cropping_strm_Block__proc, return value</column>
<column name="ap_rst">in, 1, ap_ctrl_hs, hls_cropping_strm_Block__proc, return value</column>
<column name="ap_start">in, 1, ap_ctrl_hs, hls_cropping_strm_Block__proc, return value</column>
<column name="ap_done">out, 1, ap_ctrl_hs, hls_cropping_strm_Block__proc, return value</column>
<column name="ap_continue">in, 1, ap_ctrl_hs, hls_cropping_strm_Block__proc, return value</column>
<column name="ap_idle">out, 1, ap_ctrl_hs, hls_cropping_strm_Block__proc, return value</column>
<column name="ap_ready">out, 1, ap_ctrl_hs, hls_cropping_strm_Block__proc, return value</column>
<column name="src_TDATA">in, 8, axis, src_V_data_V, pointer</column>
<column name="src_TVALID">in, 1, axis, src_V_data_V, pointer</column>
<column name="src_TREADY">out, 1, axis, src_V_dest_V, pointer</column>
<column name="src_TDEST">in, 1, axis, src_V_dest_V, pointer</column>
<column name="src_TKEEP">in, 1, axis, src_V_keep_V, pointer</column>
<column name="src_TSTRB">in, 1, axis, src_V_strb_V, pointer</column>
<column name="src_TUSER">in, 1, axis, src_V_user_V, pointer</column>
<column name="src_TLAST">in, 1, axis, src_V_last_V, pointer</column>
<column name="src_TID">in, 1, axis, src_V_id_V, pointer</column>
<column name="dst_V_V_TDATA">out, 16, axis, dst_V_V, pointer</column>
<column name="dst_V_V_TVALID">out, 1, axis, dst_V_V, pointer</column>
<column name="dst_V_V_TREADY">in, 1, axis, dst_V_V, pointer</column>
<column name="sof_sig">out, 1, ap_vld, sof_sig, pointer</column>
<column name="sof_sig_ap_vld">out, 1, ap_vld, sof_sig, pointer</column>
<column name="dst_valid">out, 1, ap_vld, dst_valid, pointer</column>
<column name="dst_valid_ap_vld">out, 1, ap_vld, dst_valid, pointer</column>
</table>
</item>
</section>
</profile>
