<profile>

<section name = "Vivado HLS Report for 'hls_cropping_strm'" level="0">
<item name = "Date">Tue Jul 14 18:12:56 2015
</item>
<item name = "Version">2014.4 (Build 1071461 on Tue Nov 18 16:42:57 PM 2014)</item>
<item name = "Project">hls_cropping</item>
<item name = "Solution">solution2</item>
<item name = "Product family">zynq</item>
<item name = "Target device">xc7z020clg484-1</item>
</section>

<section name = "Performance Estimates" level="0">
<item name = "Timing (ns)">
<section name = "" level="1">
<item name = "Summary"><table name="" hasTotal="0">
<keys size="4">Clock, Target, Estimated, Uncertainty</keys>
<column name="default">20.00, 15.18, 2.50</column>
</table>
</item>
</section>
</item>
<item name = "Latency (clock cycles)">
<section name = "" level="1">
<item name = "Summary"><table name="" hasTotal="0">
<keys size="6">, min, max, min, max, Type</keys>
<column name="">125, 255, 126, 256, dataflow</column>
</table>
</item>
<item name = "Detail">
<section name = "" level="1">
<item name = "Instance"><table name="" hasTotal="0">
<keys size="7">Instance, Module, min, max, min, max, Type</keys>
<column name="grp_hls_cropping_strm_Block_proc_fu_295">hls_cropping_strm_Block_proc, 125, 255, 125, 255, none</column>
</table>
</item>
<item name = "Loop"><table name="" hasTotal="0">
<keys size="8">Loop Name, min, max, Latency, achieved, target, Count, Pipelined</keys>
</table>
</item>
</section>
</item>
</section>
</item>
</section>

<section name = "Utilization Estimates" level="0">
<item name = "Summary"><table name="" hasTotal="1">
<keys size="5">Name, BRAM_18K, DSP48E, FF, LUT</keys>
<column name="Expression">-, -, -, -</column>
<column name="FIFO">-, -, -, -</column>
<column name="Instance">-, -, 6114, 4430</column>
<column name="Memory">-, -, -, -</column>
<column name="Multiplexer">-, -, -, -</column>
<column name="Register">-, -, 1, -</column>
<specialColumn name="Available">280, 220, 106400, 53200</specialColumn>
<specialColumn name="Utilization (%)">0, 0, 5, 8</specialColumn>
</table>
</item>
<item name = "Detail">
<section name = "" level="1">
<item name = "Instance"><table name="" hasTotal="1">
<keys size="6">Instance, Module, BRAM_18K, DSP48E, FF, LUT</keys>
<column name="hls_cropping_strm_Block_proc_U0">hls_cropping_strm_Block_proc, 0, 0, 6114, 4430</column>
</table>
</item>
<item name = "Memory"><table name="" hasTotal="1">
<keys size="9">Memory, Module, BRAM_18K, FF, LUT, Words, Bits, Banks, W*Bits*Banks</keys>
</table>
</item>
<item name = "FIFO"><table name="" hasTotal="1">
<keys size="7">Name, BRAM_18K, FF, LUT, Depth, Bits, Size:D*B</keys>
</table>
</item>
<item name = "Expression"><table name="" hasTotal="1">
<keys size="7">Variable Name, Operation, DSP48E, FF, LUT, Bitwidth P0, Bitwidth P1</keys>
</table>
</item>
<item name = "Multiplexer"><table name="" hasTotal="1">
<keys size="5">Name, LUT, Input Size, Bits, Total Bits</keys>
</table>
</item>
<item name = "Register"><table name="" hasTotal="1">
<keys size="5">Name, FF, LUT, Bits, Const Bits</keys>
<column name="ap_CS">1, 0, 1, 0</column>
</table>
</item>
</section>
</item>
</section>

<section name = "Interface" level="0">
<item name = "Summary"><table name="" hasTotal="0">
<keys size="6">RTL Ports, Dir, Bits, Protocol, Source Object, C Type</keys>
<column name="src_TDATA">in, 8, axis, src_V_data_V, pointer</column>
<column name="src_TKEEP">in, 1, axis, src_V_keep_V, pointer</column>
<column name="src_TSTRB">in, 1, axis, src_V_strb_V, pointer</column>
<column name="src_TUSER">in, 1, axis, src_V_user_V, pointer</column>
<column name="src_TLAST">in, 1, axis, src_V_last_V, pointer</column>
<column name="src_TID">in, 1, axis, src_V_id_V, pointer</column>
<column name="src_TDEST">in, 1, axis, src_V_dest_V, pointer</column>
<column name="src_TVALID">in, 1, axis, src_V_dest_V, pointer</column>
<column name="src_TREADY">out, 1, axis, src_V_dest_V, pointer</column>
<column name="dst_V_V_TDATA">out, 16, axis, dst_V_V, pointer</column>
<column name="dst_V_V_TVALID">out, 1, axis, dst_V_V, pointer</column>
<column name="dst_V_V_TREADY">in, 1, axis, dst_V_V, pointer</column>
<column name="dst_valid">out, 1, ap_vld, dst_valid, pointer</column>
<column name="dst_valid_ap_vld">out, 1, ap_vld, dst_valid, pointer</column>
<column name="sof_sig">out, 1, ap_vld, sof_sig, pointer</column>
<column name="sof_sig_ap_vld">out, 1, ap_vld, sof_sig, pointer</column>
<column name="ap_clk">in, 1, ap_ctrl_none, hls_cropping_strm, return value</column>
<column name="ap_rst_n">in, 1, ap_ctrl_none, hls_cropping_strm, return value</column>
</table>
</item>
</section>
</profile>
