<stg><name>hls_cropping_strm</name>


<trans_list>

<trans id="21" from="1" to="2">
<condition id="0">
<or_exp><and_exp></and_exp></or_exp>
</condition>
</trans>
</trans_list>



<state_list>

<state id="1" st_id="1">

<operation id="3" st_id="1" stage="2" lat="2">
<core></core>
<MemPortIdVec></MemPortIdVec>
<condition id="-1">
<or_exp><and_exp></and_exp></or_exp>
</condition>

<node id="152" bw="0" op_0_bw="0" op_1_bw="8" op_2_bw="1" op_3_bw="1" op_4_bw="1" op_5_bw="1" op_6_bw="1" op_7_bw="1" op_8_bw="16" op_9_bw="1" op_10_bw="1">
<![CDATA[
codeRepl:15  call fastcc void @hls_cropping_strm_Block__proc(i8* %src_V_data_V, i1* %src_V_keep_V, i1* %src_V_strb_V, i1* %src_V_user_V, i1* %src_V_last_V, i1* %src_V_id_V, i1* %src_V_dest_V, i16* %dst_V_V, i1* %sof_sig, i1* %dst_valid)

]]></node>
<StgValue><ssdm name=""/></StgValue>
</operation>
</state>

<state id="2" st_id="2">

<operation id="4" st_id="2" stage="1" lat="1">
<core>NULL</core>
<MemPortIdVec></MemPortIdVec>
<condition id="-1">
<or_exp><and_exp></and_exp></or_exp>
</condition>

<node id="137" bw="0" op_0_bw="0" op_1_bw="32" op_2_bw="8">
<![CDATA[
codeRepl:0  call void (...)* @_ssdm_op_SpecDataflowPipeline(i32 -1, [1 x i8]* @p_str1) nounwind

]]></node>
<StgValue><ssdm name=""/></StgValue>
</operation>

<operation id="5" st_id="2" stage="1" lat="1">
<core>NULL</core>
<MemPortIdVec></MemPortIdVec>
<condition id="-1">
<or_exp><and_exp></and_exp></or_exp>
</condition>

<node id="138" bw="0" op_0_bw="0" op_1_bw="8">
<![CDATA[
codeRepl:1  call void (...)* @_ssdm_op_SpecBitsMap(i8* %src_V_data_V), !map !7

]]></node>
<StgValue><ssdm name=""/></StgValue>
</operation>

<operation id="6" st_id="2" stage="1" lat="1">
<core>NULL</core>
<MemPortIdVec></MemPortIdVec>
<condition id="-1">
<or_exp><and_exp></and_exp></or_exp>
</condition>

<node id="139" bw="0" op_0_bw="0" op_1_bw="1">
<![CDATA[
codeRepl:2  call void (...)* @_ssdm_op_SpecBitsMap(i1* %src_V_keep_V), !map !11

]]></node>
<StgValue><ssdm name=""/></StgValue>
</operation>

<operation id="7" st_id="2" stage="1" lat="1">
<core>NULL</core>
<MemPortIdVec></MemPortIdVec>
<condition id="-1">
<or_exp><and_exp></and_exp></or_exp>
</condition>

<node id="140" bw="0" op_0_bw="0" op_1_bw="1">
<![CDATA[
codeRepl:3  call void (...)* @_ssdm_op_SpecBitsMap(i1* %src_V_strb_V), !map !15

]]></node>
<StgValue><ssdm name=""/></StgValue>
</operation>

<operation id="8" st_id="2" stage="1" lat="1">
<core>NULL</core>
<MemPortIdVec></MemPortIdVec>
<condition id="-1">
<or_exp><and_exp></and_exp></or_exp>
</condition>

<node id="141" bw="0" op_0_bw="0" op_1_bw="1">
<![CDATA[
codeRepl:4  call void (...)* @_ssdm_op_SpecBitsMap(i1* %src_V_user_V), !map !19

]]></node>
<StgValue><ssdm name=""/></StgValue>
</operation>

<operation id="9" st_id="2" stage="1" lat="1">
<core>NULL</core>
<MemPortIdVec></MemPortIdVec>
<condition id="-1">
<or_exp><and_exp></and_exp></or_exp>
</condition>

<node id="142" bw="0" op_0_bw="0" op_1_bw="1">
<![CDATA[
codeRepl:5  call void (...)* @_ssdm_op_SpecBitsMap(i1* %src_V_last_V), !map !23

]]></node>
<StgValue><ssdm name=""/></StgValue>
</operation>

<operation id="10" st_id="2" stage="1" lat="1">
<core>NULL</core>
<MemPortIdVec></MemPortIdVec>
<condition id="-1">
<or_exp><and_exp></and_exp></or_exp>
</condition>

<node id="143" bw="0" op_0_bw="0" op_1_bw="1">
<![CDATA[
codeRepl:6  call void (...)* @_ssdm_op_SpecBitsMap(i1* %src_V_id_V), !map !27

]]></node>
<StgValue><ssdm name=""/></StgValue>
</operation>

<operation id="11" st_id="2" stage="1" lat="1">
<core>NULL</core>
<MemPortIdVec></MemPortIdVec>
<condition id="-1">
<or_exp><and_exp></and_exp></or_exp>
</condition>

<node id="144" bw="0" op_0_bw="0" op_1_bw="1">
<![CDATA[
codeRepl:7  call void (...)* @_ssdm_op_SpecBitsMap(i1* %src_V_dest_V), !map !31

]]></node>
<StgValue><ssdm name=""/></StgValue>
</operation>

<operation id="12" st_id="2" stage="1" lat="1">
<core>NULL</core>
<MemPortIdVec></MemPortIdVec>
<condition id="-1">
<or_exp><and_exp></and_exp></or_exp>
</condition>

<node id="145" bw="0" op_0_bw="0" op_1_bw="16">
<![CDATA[
codeRepl:8  call void (...)* @_ssdm_op_SpecBitsMap(i16* %dst_V_V), !map !35

]]></node>
<StgValue><ssdm name=""/></StgValue>
</operation>

<operation id="13" st_id="2" stage="1" lat="1">
<core>NULL</core>
<MemPortIdVec></MemPortIdVec>
<condition id="-1">
<or_exp><and_exp></and_exp></or_exp>
</condition>

<node id="146" bw="0" op_0_bw="0" op_1_bw="1">
<![CDATA[
codeRepl:9  call void (...)* @_ssdm_op_SpecBitsMap(i1* %dst_valid), !map !39

]]></node>
<StgValue><ssdm name=""/></StgValue>
</operation>

<operation id="14" st_id="2" stage="1" lat="1">
<core>NULL</core>
<MemPortIdVec></MemPortIdVec>
<condition id="-1">
<or_exp><and_exp></and_exp></or_exp>
</condition>

<node id="147" bw="0" op_0_bw="0" op_1_bw="1">
<![CDATA[
codeRepl:10  call void (...)* @_ssdm_op_SpecBitsMap(i1* %sof_sig), !map !43

]]></node>
<StgValue><ssdm name=""/></StgValue>
</operation>

<operation id="15" st_id="2" stage="1" lat="1">
<core>NULL</core>
<MemPortIdVec></MemPortIdVec>
<condition id="-1">
<or_exp><and_exp></and_exp></or_exp>
</condition>

<node id="148" bw="0" op_0_bw="0" op_1_bw="8">
<![CDATA[
codeRepl:11  call void (...)* @_ssdm_op_SpecTopModule([18 x i8]* @str) nounwind

]]></node>
<StgValue><ssdm name=""/></StgValue>
</operation>

<operation id="16" st_id="2" stage="1" lat="1">
<core>NULL</core>
<MemPortIdVec></MemPortIdVec>
<condition id="-1">
<or_exp><and_exp></and_exp></or_exp>
</condition>

<node id="149" bw="0" op_0_bw="0" op_1_bw="32" op_2_bw="8" op_3_bw="32" op_4_bw="32" op_5_bw="32" op_6_bw="32" op_7_bw="8" op_8_bw="8" op_9_bw="8">
<![CDATA[
codeRepl:12  call void (...)* @_ssdm_op_SpecInterface(i32 0, [13 x i8]* @p_str6, i32 0, i32 0, i32 0, i32 0, [1 x i8]* @p_str1, [1 x i8]* @p_str1, [1 x i8]* @p_str1) nounwind

]]></node>
<StgValue><ssdm name=""/></StgValue>
</operation>

<operation id="17" st_id="2" stage="1" lat="1">
<core>NULL</core>
<MemPortIdVec></MemPortIdVec>
<condition id="-1">
<or_exp><and_exp></and_exp></or_exp>
</condition>

<node id="150" bw="0" op_0_bw="0" op_1_bw="8" op_2_bw="1" op_3_bw="1" op_4_bw="1" op_5_bw="1" op_6_bw="1" op_7_bw="1" op_8_bw="8" op_9_bw="32" op_10_bw="32" op_11_bw="32" op_12_bw="32" op_13_bw="8" op_14_bw="8" op_15_bw="8">
<![CDATA[
codeRepl:13  call void (...)* @_ssdm_op_SpecInterface(i8* %src_V_data_V, i1* %src_V_keep_V, i1* %src_V_strb_V, i1* %src_V_user_V, i1* %src_V_last_V, i1* %src_V_id_V, i1* %src_V_dest_V, [5 x i8]* @p_str7, i32 0, i32 0, i32 0, i32 0, [1 x i8]* @p_str1, [1 x i8]* @p_str1, [1 x i8]* @p_str1) nounwind

]]></node>
<StgValue><ssdm name=""/></StgValue>
</operation>

<operation id="18" st_id="2" stage="1" lat="1">
<core>NULL</core>
<MemPortIdVec></MemPortIdVec>
<condition id="-1">
<or_exp><and_exp></and_exp></or_exp>
</condition>

<node id="151" bw="0" op_0_bw="0" op_1_bw="16" op_2_bw="8" op_3_bw="32" op_4_bw="32" op_5_bw="32" op_6_bw="32" op_7_bw="8" op_8_bw="8" op_9_bw="8">
<![CDATA[
codeRepl:14  call void (...)* @_ssdm_op_SpecInterface(i16* %dst_V_V, [5 x i8]* @p_str7, i32 0, i32 0, i32 0, i32 0, [1 x i8]* @p_str1, [1 x i8]* @p_str1, [1 x i8]* @p_str1) nounwind

]]></node>
<StgValue><ssdm name=""/></StgValue>
</operation>

<operation id="19" st_id="2" stage="1" lat="2">
<core></core>
<MemPortIdVec></MemPortIdVec>
<condition id="-1">
<or_exp><and_exp></and_exp></or_exp>
</condition>

<node id="152" bw="0" op_0_bw="0" op_1_bw="8" op_2_bw="1" op_3_bw="1" op_4_bw="1" op_5_bw="1" op_6_bw="1" op_7_bw="1" op_8_bw="16" op_9_bw="1" op_10_bw="1">
<![CDATA[
codeRepl:15  call fastcc void @hls_cropping_strm_Block__proc(i8* %src_V_data_V, i1* %src_V_keep_V, i1* %src_V_strb_V, i1* %src_V_user_V, i1* %src_V_last_V, i1* %src_V_id_V, i1* %src_V_dest_V, i16* %dst_V_V, i1* %sof_sig, i1* %dst_valid)

]]></node>
<StgValue><ssdm name=""/></StgValue>
</operation>

<operation id="20" st_id="2" stage="1" lat="1">
<core>NULL</core>
<MemPortIdVec></MemPortIdVec>
<condition id="-1">
<or_exp><and_exp></and_exp></or_exp>
</condition>

<node id="153" bw="0">
<![CDATA[
codeRepl:16  ret void

]]></node>
<StgValue><ssdm name=""/></StgValue>
</operation>
</state>
</state_list>


<ports>
<port id="23" name="src_V_data_V" dir="0" iftype="0">
<core>NULL</core><StgValue><ssdm name="src_V_data_V"/></StgValue>
</port>
<port id="24" name="src_V_keep_V" dir="0" iftype="0">
<core>NULL</core><StgValue><ssdm name="src_V_keep_V"/></StgValue>
</port>
<port id="25" name="src_V_strb_V" dir="0" iftype="0">
<core>NULL</core><StgValue><ssdm name="src_V_strb_V"/></StgValue>
</port>
<port id="26" name="src_V_user_V" dir="0" iftype="0">
<core>NULL</core><StgValue><ssdm name="src_V_user_V"/></StgValue>
</port>
<port id="27" name="src_V_last_V" dir="0" iftype="0">
<core>NULL</core><StgValue><ssdm name="src_V_last_V"/></StgValue>
</port>
<port id="28" name="src_V_id_V" dir="0" iftype="0">
<core>NULL</core><StgValue><ssdm name="src_V_id_V"/></StgValue>
</port>
<port id="29" name="src_V_dest_V" dir="0" iftype="0">
<core>NULL</core><StgValue><ssdm name="src_V_dest_V"/></StgValue>
</port>
<port id="30" name="dst_V_V" dir="1" iftype="0">
<core>NULL</core><StgValue><ssdm name="dst_V_V"/></StgValue>
</port>
<port id="31" name="dst_valid" dir="1" iftype="0">
<core>NULL</core><StgValue><ssdm name="dst_valid"/></StgValue>
</port>
<port id="32" name="sof_sig" dir="1" iftype="0">
<core>NULL</core><StgValue><ssdm name="sof_sig"/></StgValue>
</port>
<port id="33" name="cur_range" dir="2" iftype="0">
<core>NULL</core><StgValue><ssdm name="cur_range"/></StgValue>
</port>
<port id="34" name="cur_trans" dir="2" iftype="0">
<core>NULL</core><StgValue><ssdm name="cur_trans"/></StgValue>
</port>
<port id="35" name="buff_in" dir="2" iftype="0">
<core>NULL</core><StgValue><ssdm name="buff_in"/></StgValue>
</port>
<port id="36" name="linebuffer1b_V_0" dir="2" iftype="0">
<core>NULL</core><StgValue><ssdm name="linebuffer1b_V_0"/></StgValue>
</port>
<port id="37" name="linebuffer1b_V_1" dir="2" iftype="0">
<core>NULL</core><StgValue><ssdm name="linebuffer1b_V_1"/></StgValue>
</port>
<port id="38" name="linebuffer1b_V_2" dir="2" iftype="0">
<core>NULL</core><StgValue><ssdm name="linebuffer1b_V_2"/></StgValue>
</port>
<port id="39" name="linebuffer1b_V_3" dir="2" iftype="0">
<core>NULL</core><StgValue><ssdm name="linebuffer1b_V_3"/></StgValue>
</port>
<port id="40" name="linebuffer1b_V_4" dir="2" iftype="0">
<core>NULL</core><StgValue><ssdm name="linebuffer1b_V_4"/></StgValue>
</port>
<port id="41" name="linebuffer1b_V_5" dir="2" iftype="0">
<core>NULL</core><StgValue><ssdm name="linebuffer1b_V_5"/></StgValue>
</port>
<port id="42" name="linebuffer1b_V_6" dir="2" iftype="0">
<core>NULL</core><StgValue><ssdm name="linebuffer1b_V_6"/></StgValue>
</port>
<port id="43" name="linebuffer1b_V_7" dir="2" iftype="0">
<core>NULL</core><StgValue><ssdm name="linebuffer1b_V_7"/></StgValue>
</port>
<port id="44" name="linebuffer1b_V_8" dir="2" iftype="0">
<core>NULL</core><StgValue><ssdm name="linebuffer1b_V_8"/></StgValue>
</port>
<port id="45" name="linebuffer1b_V_9" dir="2" iftype="0">
<core>NULL</core><StgValue><ssdm name="linebuffer1b_V_9"/></StgValue>
</port>
<port id="46" name="linebuffer1b_V_10" dir="2" iftype="0">
<core>NULL</core><StgValue><ssdm name="linebuffer1b_V_10"/></StgValue>
</port>
<port id="47" name="linebuffer1b_V_11" dir="2" iftype="0">
<core>NULL</core><StgValue><ssdm name="linebuffer1b_V_11"/></StgValue>
</port>
<port id="48" name="linebuffer1b_V_12" dir="2" iftype="0">
<core>NULL</core><StgValue><ssdm name="linebuffer1b_V_12"/></StgValue>
</port>
<port id="49" name="linebuffer1b_V_13" dir="2" iftype="0">
<core>NULL</core><StgValue><ssdm name="linebuffer1b_V_13"/></StgValue>
</port>
<port id="50" name="linebuffer1b_V_14" dir="2" iftype="0">
<core>NULL</core><StgValue><ssdm name="linebuffer1b_V_14"/></StgValue>
</port>
<port id="51" name="linebuffer1b_V_15" dir="2" iftype="0">
<core>NULL</core><StgValue><ssdm name="linebuffer1b_V_15"/></StgValue>
</port>
<port id="52" name="linebuffer1b_V_16" dir="2" iftype="0">
<core>NULL</core><StgValue><ssdm name="linebuffer1b_V_16"/></StgValue>
</port>
<port id="53" name="linebuffer1b_V_17" dir="2" iftype="0">
<core>NULL</core><StgValue><ssdm name="linebuffer1b_V_17"/></StgValue>
</port>
<port id="54" name="linebuffer1b_V_18" dir="2" iftype="0">
<core>NULL</core><StgValue><ssdm name="linebuffer1b_V_18"/></StgValue>
</port>
<port id="55" name="linebuffer1b_V_19" dir="2" iftype="0">
<core>NULL</core><StgValue><ssdm name="linebuffer1b_V_19"/></StgValue>
</port>
<port id="56" name="linebuffer1b_V_20" dir="2" iftype="0">
<core>NULL</core><StgValue><ssdm name="linebuffer1b_V_20"/></StgValue>
</port>
<port id="57" name="linebuffer1b_V_21" dir="2" iftype="0">
<core>NULL</core><StgValue><ssdm name="linebuffer1b_V_21"/></StgValue>
</port>
<port id="58" name="linebuffer1b_V_22" dir="2" iftype="0">
<core>NULL</core><StgValue><ssdm name="linebuffer1b_V_22"/></StgValue>
</port>
<port id="59" name="linebuffer1b_V_23" dir="2" iftype="0">
<core>NULL</core><StgValue><ssdm name="linebuffer1b_V_23"/></StgValue>
</port>
<port id="60" name="linebuffer1b_V_24" dir="2" iftype="0">
<core>NULL</core><StgValue><ssdm name="linebuffer1b_V_24"/></StgValue>
</port>
<port id="61" name="linebuffer1b_V_25" dir="2" iftype="0">
<core>NULL</core><StgValue><ssdm name="linebuffer1b_V_25"/></StgValue>
</port>
<port id="62" name="linebuffer1b_V_26" dir="2" iftype="0">
<core>NULL</core><StgValue><ssdm name="linebuffer1b_V_26"/></StgValue>
</port>
<port id="63" name="linebuffer1b_V_27" dir="2" iftype="0">
<core>NULL</core><StgValue><ssdm name="linebuffer1b_V_27"/></StgValue>
</port>
<port id="64" name="linebuffer1b_V_28" dir="2" iftype="0">
<core>NULL</core><StgValue><ssdm name="linebuffer1b_V_28"/></StgValue>
</port>
<port id="65" name="linebuffer1b_V_29" dir="2" iftype="0">
<core>NULL</core><StgValue><ssdm name="linebuffer1b_V_29"/></StgValue>
</port>
<port id="66" name="linebuffer1b_V_30" dir="2" iftype="0">
<core>NULL</core><StgValue><ssdm name="linebuffer1b_V_30"/></StgValue>
</port>
<port id="67" name="linebuffer1b_V_31" dir="2" iftype="0">
<core>NULL</core><StgValue><ssdm name="linebuffer1b_V_31"/></StgValue>
</port>
<port id="68" name="linebuffer1b_V_32" dir="2" iftype="0">
<core>NULL</core><StgValue><ssdm name="linebuffer1b_V_32"/></StgValue>
</port>
<port id="69" name="linebuffer1b_V_33" dir="2" iftype="0">
<core>NULL</core><StgValue><ssdm name="linebuffer1b_V_33"/></StgValue>
</port>
<port id="70" name="linebuffer1b_V_34" dir="2" iftype="0">
<core>NULL</core><StgValue><ssdm name="linebuffer1b_V_34"/></StgValue>
</port>
<port id="71" name="linebuffer1b_V_35" dir="2" iftype="0">
<core>NULL</core><StgValue><ssdm name="linebuffer1b_V_35"/></StgValue>
</port>
<port id="72" name="linebuffer1b_V_36" dir="2" iftype="0">
<core>NULL</core><StgValue><ssdm name="linebuffer1b_V_36"/></StgValue>
</port>
<port id="73" name="linebuffer1b_V_37" dir="2" iftype="0">
<core>NULL</core><StgValue><ssdm name="linebuffer1b_V_37"/></StgValue>
</port>
<port id="74" name="linebuffer1b_V_38" dir="2" iftype="0">
<core>NULL</core><StgValue><ssdm name="linebuffer1b_V_38"/></StgValue>
</port>
<port id="75" name="linebuffer1b_V_39" dir="2" iftype="0">
<core>NULL</core><StgValue><ssdm name="linebuffer1b_V_39"/></StgValue>
</port>
<port id="76" name="linebuffer1b_V_40" dir="2" iftype="0">
<core>NULL</core><StgValue><ssdm name="linebuffer1b_V_40"/></StgValue>
</port>
<port id="77" name="linebuffer1b_V_41" dir="2" iftype="0">
<core>NULL</core><StgValue><ssdm name="linebuffer1b_V_41"/></StgValue>
</port>
<port id="78" name="linebuffer1b_V_42" dir="2" iftype="0">
<core>NULL</core><StgValue><ssdm name="linebuffer1b_V_42"/></StgValue>
</port>
<port id="79" name="linebuffer1b_V_43" dir="2" iftype="0">
<core>NULL</core><StgValue><ssdm name="linebuffer1b_V_43"/></StgValue>
</port>
<port id="80" name="linebuffer1b_V_44" dir="2" iftype="0">
<core>NULL</core><StgValue><ssdm name="linebuffer1b_V_44"/></StgValue>
</port>
<port id="81" name="linebuffer1b_V_45" dir="2" iftype="0">
<core>NULL</core><StgValue><ssdm name="linebuffer1b_V_45"/></StgValue>
</port>
<port id="82" name="linebuffer1b_V_46" dir="2" iftype="0">
<core>NULL</core><StgValue><ssdm name="linebuffer1b_V_46"/></StgValue>
</port>
<port id="83" name="linebuffer1b_V_47" dir="2" iftype="0">
<core>NULL</core><StgValue><ssdm name="linebuffer1b_V_47"/></StgValue>
</port>
<port id="84" name="linebuffer1b_V_48" dir="2" iftype="0">
<core>NULL</core><StgValue><ssdm name="linebuffer1b_V_48"/></StgValue>
</port>
<port id="85" name="linebuffer1b_V_49" dir="2" iftype="0">
<core>NULL</core><StgValue><ssdm name="linebuffer1b_V_49"/></StgValue>
</port>
<port id="86" name="linebuffer1b_V_50" dir="2" iftype="0">
<core>NULL</core><StgValue><ssdm name="linebuffer1b_V_50"/></StgValue>
</port>
<port id="87" name="linebuffer1b_V_51" dir="2" iftype="0">
<core>NULL</core><StgValue><ssdm name="linebuffer1b_V_51"/></StgValue>
</port>
<port id="88" name="linebuffer1b_V_52" dir="2" iftype="0">
<core>NULL</core><StgValue><ssdm name="linebuffer1b_V_52"/></StgValue>
</port>
<port id="89" name="linebuffer1b_V_53" dir="2" iftype="0">
<core>NULL</core><StgValue><ssdm name="linebuffer1b_V_53"/></StgValue>
</port>
<port id="90" name="linebuffer1b_V_54" dir="2" iftype="0">
<core>NULL</core><StgValue><ssdm name="linebuffer1b_V_54"/></StgValue>
</port>
<port id="91" name="linebuffer1b_V_55" dir="2" iftype="0">
<core>NULL</core><StgValue><ssdm name="linebuffer1b_V_55"/></StgValue>
</port>
<port id="92" name="linebuffer1b_V_56" dir="2" iftype="0">
<core>NULL</core><StgValue><ssdm name="linebuffer1b_V_56"/></StgValue>
</port>
<port id="93" name="linebuffer1b_V_57" dir="2" iftype="0">
<core>NULL</core><StgValue><ssdm name="linebuffer1b_V_57"/></StgValue>
</port>
<port id="94" name="linebuffer1b_V_58" dir="2" iftype="0">
<core>NULL</core><StgValue><ssdm name="linebuffer1b_V_58"/></StgValue>
</port>
<port id="95" name="linebuffer1b_V_59" dir="2" iftype="0">
<core>NULL</core><StgValue><ssdm name="linebuffer1b_V_59"/></StgValue>
</port>
<port id="96" name="linebuffer2b_V_0" dir="2" iftype="0">
<core>NULL</core><StgValue><ssdm name="linebuffer2b_V_0"/></StgValue>
</port>
<port id="97" name="linebuffer2b_V_1" dir="2" iftype="0">
<core>NULL</core><StgValue><ssdm name="linebuffer2b_V_1"/></StgValue>
</port>
<port id="98" name="linebuffer2b_V_2" dir="2" iftype="0">
<core>NULL</core><StgValue><ssdm name="linebuffer2b_V_2"/></StgValue>
</port>
<port id="99" name="linebuffer2b_V_3" dir="2" iftype="0">
<core>NULL</core><StgValue><ssdm name="linebuffer2b_V_3"/></StgValue>
</port>
<port id="100" name="linebuffer2b_V_4" dir="2" iftype="0">
<core>NULL</core><StgValue><ssdm name="linebuffer2b_V_4"/></StgValue>
</port>
<port id="101" name="linebuffer2b_V_5" dir="2" iftype="0">
<core>NULL</core><StgValue><ssdm name="linebuffer2b_V_5"/></StgValue>
</port>
<port id="102" name="linebuffer2b_V_6" dir="2" iftype="0">
<core>NULL</core><StgValue><ssdm name="linebuffer2b_V_6"/></StgValue>
</port>
<port id="103" name="linebuffer2b_V_7" dir="2" iftype="0">
<core>NULL</core><StgValue><ssdm name="linebuffer2b_V_7"/></StgValue>
</port>
<port id="104" name="linebuffer2b_V_8" dir="2" iftype="0">
<core>NULL</core><StgValue><ssdm name="linebuffer2b_V_8"/></StgValue>
</port>
<port id="105" name="linebuffer2b_V_9" dir="2" iftype="0">
<core>NULL</core><StgValue><ssdm name="linebuffer2b_V_9"/></StgValue>
</port>
<port id="106" name="linebuffer2b_V_10" dir="2" iftype="0">
<core>NULL</core><StgValue><ssdm name="linebuffer2b_V_10"/></StgValue>
</port>
<port id="107" name="linebuffer2b_V_11" dir="2" iftype="0">
<core>NULL</core><StgValue><ssdm name="linebuffer2b_V_11"/></StgValue>
</port>
<port id="108" name="linebuffer2b_V_12" dir="2" iftype="0">
<core>NULL</core><StgValue><ssdm name="linebuffer2b_V_12"/></StgValue>
</port>
<port id="109" name="linebuffer2b_V_13" dir="2" iftype="0">
<core>NULL</core><StgValue><ssdm name="linebuffer2b_V_13"/></StgValue>
</port>
<port id="110" name="linebuffer2b_V_14" dir="2" iftype="0">
<core>NULL</core><StgValue><ssdm name="linebuffer2b_V_14"/></StgValue>
</port>
<port id="111" name="linebuffer2b_V_15" dir="2" iftype="0">
<core>NULL</core><StgValue><ssdm name="linebuffer2b_V_15"/></StgValue>
</port>
<port id="112" name="linebuffer2b_V_16" dir="2" iftype="0">
<core>NULL</core><StgValue><ssdm name="linebuffer2b_V_16"/></StgValue>
</port>
<port id="113" name="linebuffer2b_V_17" dir="2" iftype="0">
<core>NULL</core><StgValue><ssdm name="linebuffer2b_V_17"/></StgValue>
</port>
<port id="114" name="linebuffer2b_V_18" dir="2" iftype="0">
<core>NULL</core><StgValue><ssdm name="linebuffer2b_V_18"/></StgValue>
</port>
<port id="115" name="linebuffer2b_V_19" dir="2" iftype="0">
<core>NULL</core><StgValue><ssdm name="linebuffer2b_V_19"/></StgValue>
</port>
<port id="116" name="linebuffer2b_V_20" dir="2" iftype="0">
<core>NULL</core><StgValue><ssdm name="linebuffer2b_V_20"/></StgValue>
</port>
<port id="117" name="linebuffer2b_V_21" dir="2" iftype="0">
<core>NULL</core><StgValue><ssdm name="linebuffer2b_V_21"/></StgValue>
</port>
<port id="118" name="linebuffer2b_V_22" dir="2" iftype="0">
<core>NULL</core><StgValue><ssdm name="linebuffer2b_V_22"/></StgValue>
</port>
<port id="119" name="linebuffer2b_V_23" dir="2" iftype="0">
<core>NULL</core><StgValue><ssdm name="linebuffer2b_V_23"/></StgValue>
</port>
<port id="120" name="linebuffer2b_V_24" dir="2" iftype="0">
<core>NULL</core><StgValue><ssdm name="linebuffer2b_V_24"/></StgValue>
</port>
<port id="121" name="linebuffer2b_V_25" dir="2" iftype="0">
<core>NULL</core><StgValue><ssdm name="linebuffer2b_V_25"/></StgValue>
</port>
<port id="122" name="linebuffer2b_V_26" dir="2" iftype="0">
<core>NULL</core><StgValue><ssdm name="linebuffer2b_V_26"/></StgValue>
</port>
<port id="123" name="linebuffer2b_V_27" dir="2" iftype="0">
<core>NULL</core><StgValue><ssdm name="linebuffer2b_V_27"/></StgValue>
</port>
<port id="124" name="linebuffer2b_V_28" dir="2" iftype="0">
<core>NULL</core><StgValue><ssdm name="linebuffer2b_V_28"/></StgValue>
</port>
<port id="125" name="linebuffer2b_V_29" dir="2" iftype="0">
<core>NULL</core><StgValue><ssdm name="linebuffer2b_V_29"/></StgValue>
</port>
<port id="126" name="linebuffer2b_V_30" dir="2" iftype="0">
<core>NULL</core><StgValue><ssdm name="linebuffer2b_V_30"/></StgValue>
</port>
<port id="127" name="linebuffer2b_V_31" dir="2" iftype="0">
<core>NULL</core><StgValue><ssdm name="linebuffer2b_V_31"/></StgValue>
</port>
<port id="128" name="linebuffer2b_V_32" dir="2" iftype="0">
<core>NULL</core><StgValue><ssdm name="linebuffer2b_V_32"/></StgValue>
</port>
<port id="129" name="linebuffer2b_V_33" dir="2" iftype="0">
<core>NULL</core><StgValue><ssdm name="linebuffer2b_V_33"/></StgValue>
</port>
<port id="130" name="linebuffer2b_V_34" dir="2" iftype="0">
<core>NULL</core><StgValue><ssdm name="linebuffer2b_V_34"/></StgValue>
</port>
<port id="131" name="linebuffer2b_V_35" dir="2" iftype="0">
<core>NULL</core><StgValue><ssdm name="linebuffer2b_V_35"/></StgValue>
</port>
<port id="132" name="linebuffer2b_V_36" dir="2" iftype="0">
<core>NULL</core><StgValue><ssdm name="linebuffer2b_V_36"/></StgValue>
</port>
<port id="133" name="linebuffer2b_V_37" dir="2" iftype="0">
<core>NULL</core><StgValue><ssdm name="linebuffer2b_V_37"/></StgValue>
</port>
<port id="134" name="linebuffer2b_V_38" dir="2" iftype="0">
<core>NULL</core><StgValue><ssdm name="linebuffer2b_V_38"/></StgValue>
</port>
<port id="135" name="linebuffer2b_V_39" dir="2" iftype="0">
<core>NULL</core><StgValue><ssdm name="linebuffer2b_V_39"/></StgValue>
</port>
<port id="136" name="linebuffer2b_V_40" dir="2" iftype="0">
<core>NULL</core><StgValue><ssdm name="linebuffer2b_V_40"/></StgValue>
</port>
<port id="137" name="linebuffer2b_V_41" dir="2" iftype="0">
<core>NULL</core><StgValue><ssdm name="linebuffer2b_V_41"/></StgValue>
</port>
<port id="138" name="linebuffer2b_V_42" dir="2" iftype="0">
<core>NULL</core><StgValue><ssdm name="linebuffer2b_V_42"/></StgValue>
</port>
<port id="139" name="linebuffer2b_V_43" dir="2" iftype="0">
<core>NULL</core><StgValue><ssdm name="linebuffer2b_V_43"/></StgValue>
</port>
<port id="140" name="linebuffer2b_V_44" dir="2" iftype="0">
<core>NULL</core><StgValue><ssdm name="linebuffer2b_V_44"/></StgValue>
</port>
<port id="141" name="linebuffer2b_V_45" dir="2" iftype="0">
<core>NULL</core><StgValue><ssdm name="linebuffer2b_V_45"/></StgValue>
</port>
<port id="142" name="linebuffer2b_V_46" dir="2" iftype="0">
<core>NULL</core><StgValue><ssdm name="linebuffer2b_V_46"/></StgValue>
</port>
<port id="143" name="linebuffer2b_V_47" dir="2" iftype="0">
<core>NULL</core><StgValue><ssdm name="linebuffer2b_V_47"/></StgValue>
</port>
<port id="144" name="linebuffer2b_V_48" dir="2" iftype="0">
<core>NULL</core><StgValue><ssdm name="linebuffer2b_V_48"/></StgValue>
</port>
<port id="145" name="linebuffer2b_V_49" dir="2" iftype="0">
<core>NULL</core><StgValue><ssdm name="linebuffer2b_V_49"/></StgValue>
</port>
<port id="146" name="linebuffer2b_V_50" dir="2" iftype="0">
<core>NULL</core><StgValue><ssdm name="linebuffer2b_V_50"/></StgValue>
</port>
<port id="147" name="linebuffer2b_V_51" dir="2" iftype="0">
<core>NULL</core><StgValue><ssdm name="linebuffer2b_V_51"/></StgValue>
</port>
<port id="148" name="linebuffer2b_V_52" dir="2" iftype="0">
<core>NULL</core><StgValue><ssdm name="linebuffer2b_V_52"/></StgValue>
</port>
<port id="149" name="linebuffer2b_V_53" dir="2" iftype="0">
<core>NULL</core><StgValue><ssdm name="linebuffer2b_V_53"/></StgValue>
</port>
<port id="150" name="linebuffer2b_V_54" dir="2" iftype="0">
<core>NULL</core><StgValue><ssdm name="linebuffer2b_V_54"/></StgValue>
</port>
<port id="151" name="linebuffer2b_V_55" dir="2" iftype="0">
<core>NULL</core><StgValue><ssdm name="linebuffer2b_V_55"/></StgValue>
</port>
<port id="152" name="linebuffer2b_V_56" dir="2" iftype="0">
<core>NULL</core><StgValue><ssdm name="linebuffer2b_V_56"/></StgValue>
</port>
<port id="153" name="linebuffer2b_V_57" dir="2" iftype="0">
<core>NULL</core><StgValue><ssdm name="linebuffer2b_V_57"/></StgValue>
</port>
<port id="154" name="linebuffer2b_V_58" dir="2" iftype="0">
<core>NULL</core><StgValue><ssdm name="linebuffer2b_V_58"/></StgValue>
</port>
<port id="155" name="linebuffer2b_V_59" dir="2" iftype="0">
<core>NULL</core><StgValue><ssdm name="linebuffer2b_V_59"/></StgValue>
</port>
<port id="156" name="buff_full1" dir="2" iftype="0">
<core>NULL</core><StgValue><ssdm name="buff_full1"/></StgValue>
</port>
<port id="157" name="nb_eol" dir="2" iftype="0">
<core>NULL</core><StgValue><ssdm name="nb_eol"/></StgValue>
</port>
<port id="158" name="buff_full2" dir="2" iftype="0">
<core>NULL</core><StgValue><ssdm name="buff_full2"/></StgValue>
</port>
</ports>


<dataflows>
<dataflow id="160" from="hls_cropping_strm_Block__proc" to="stg_3" fromId="159" toId="3">
</dataflow>
<dataflow id="161" from="src_V_data_V" to="stg_3" fromId="23" toId="3">
</dataflow>
<dataflow id="162" from="src_V_keep_V" to="stg_3" fromId="24" toId="3">
</dataflow>
<dataflow id="163" from="src_V_strb_V" to="stg_3" fromId="25" toId="3">
</dataflow>
<dataflow id="164" from="src_V_user_V" to="stg_3" fromId="26" toId="3">
</dataflow>
<dataflow id="165" from="src_V_last_V" to="stg_3" fromId="27" toId="3">
</dataflow>
<dataflow id="166" from="src_V_id_V" to="stg_3" fromId="28" toId="3">
</dataflow>
<dataflow id="167" from="src_V_dest_V" to="stg_3" fromId="29" toId="3">
</dataflow>
<dataflow id="168" from="dst_V_V" to="stg_3" fromId="30" toId="3">
</dataflow>
<dataflow id="169" from="sof_sig" to="stg_3" fromId="32" toId="3">
</dataflow>
<dataflow id="170" from="dst_valid" to="stg_3" fromId="31" toId="3">
</dataflow>
<dataflow id="171" from="cur_range" to="stg_3" fromId="33" toId="3">
</dataflow>
<dataflow id="172" from="cur_trans" to="stg_3" fromId="34" toId="3">
</dataflow>
<dataflow id="173" from="buff_in" to="stg_3" fromId="35" toId="3">
</dataflow>
<dataflow id="174" from="linebuffer1b_V_0" to="stg_3" fromId="36" toId="3">
</dataflow>
<dataflow id="175" from="linebuffer1b_V_1" to="stg_3" fromId="37" toId="3">
</dataflow>
<dataflow id="176" from="linebuffer1b_V_2" to="stg_3" fromId="38" toId="3">
</dataflow>
<dataflow id="177" from="linebuffer1b_V_3" to="stg_3" fromId="39" toId="3">
</dataflow>
<dataflow id="178" from="linebuffer1b_V_4" to="stg_3" fromId="40" toId="3">
</dataflow>
<dataflow id="179" from="linebuffer1b_V_5" to="stg_3" fromId="41" toId="3">
</dataflow>
<dataflow id="180" from="linebuffer1b_V_6" to="stg_3" fromId="42" toId="3">
</dataflow>
<dataflow id="181" from="linebuffer1b_V_7" to="stg_3" fromId="43" toId="3">
</dataflow>
<dataflow id="182" from="linebuffer1b_V_8" to="stg_3" fromId="44" toId="3">
</dataflow>
<dataflow id="183" from="linebuffer1b_V_9" to="stg_3" fromId="45" toId="3">
</dataflow>
<dataflow id="184" from="linebuffer1b_V_10" to="stg_3" fromId="46" toId="3">
</dataflow>
<dataflow id="185" from="linebuffer1b_V_11" to="stg_3" fromId="47" toId="3">
</dataflow>
<dataflow id="186" from="linebuffer1b_V_12" to="stg_3" fromId="48" toId="3">
</dataflow>
<dataflow id="187" from="linebuffer1b_V_13" to="stg_3" fromId="49" toId="3">
</dataflow>
<dataflow id="188" from="linebuffer1b_V_14" to="stg_3" fromId="50" toId="3">
</dataflow>
<dataflow id="189" from="linebuffer1b_V_15" to="stg_3" fromId="51" toId="3">
</dataflow>
<dataflow id="190" from="linebuffer1b_V_16" to="stg_3" fromId="52" toId="3">
</dataflow>
<dataflow id="191" from="linebuffer1b_V_17" to="stg_3" fromId="53" toId="3">
</dataflow>
<dataflow id="192" from="linebuffer1b_V_18" to="stg_3" fromId="54" toId="3">
</dataflow>
<dataflow id="193" from="linebuffer1b_V_19" to="stg_3" fromId="55" toId="3">
</dataflow>
<dataflow id="194" from="linebuffer1b_V_20" to="stg_3" fromId="56" toId="3">
</dataflow>
<dataflow id="195" from="linebuffer1b_V_21" to="stg_3" fromId="57" toId="3">
</dataflow>
<dataflow id="196" from="linebuffer1b_V_22" to="stg_3" fromId="58" toId="3">
</dataflow>
<dataflow id="197" from="linebuffer1b_V_23" to="stg_3" fromId="59" toId="3">
</dataflow>
<dataflow id="198" from="linebuffer1b_V_24" to="stg_3" fromId="60" toId="3">
</dataflow>
<dataflow id="199" from="linebuffer1b_V_25" to="stg_3" fromId="61" toId="3">
</dataflow>
<dataflow id="200" from="linebuffer1b_V_26" to="stg_3" fromId="62" toId="3">
</dataflow>
<dataflow id="201" from="linebuffer1b_V_27" to="stg_3" fromId="63" toId="3">
</dataflow>
<dataflow id="202" from="linebuffer1b_V_28" to="stg_3" fromId="64" toId="3">
</dataflow>
<dataflow id="203" from="linebuffer1b_V_29" to="stg_3" fromId="65" toId="3">
</dataflow>
<dataflow id="204" from="linebuffer1b_V_30" to="stg_3" fromId="66" toId="3">
</dataflow>
<dataflow id="205" from="linebuffer1b_V_31" to="stg_3" fromId="67" toId="3">
</dataflow>
<dataflow id="206" from="linebuffer1b_V_32" to="stg_3" fromId="68" toId="3">
</dataflow>
<dataflow id="207" from="linebuffer1b_V_33" to="stg_3" fromId="69" toId="3">
</dataflow>
<dataflow id="208" from="linebuffer1b_V_34" to="stg_3" fromId="70" toId="3">
</dataflow>
<dataflow id="209" from="linebuffer1b_V_35" to="stg_3" fromId="71" toId="3">
</dataflow>
<dataflow id="210" from="linebuffer1b_V_36" to="stg_3" fromId="72" toId="3">
</dataflow>
<dataflow id="211" from="linebuffer1b_V_37" to="stg_3" fromId="73" toId="3">
</dataflow>
<dataflow id="212" from="linebuffer1b_V_38" to="stg_3" fromId="74" toId="3">
</dataflow>
<dataflow id="213" from="linebuffer1b_V_39" to="stg_3" fromId="75" toId="3">
</dataflow>
<dataflow id="214" from="linebuffer1b_V_40" to="stg_3" fromId="76" toId="3">
</dataflow>
<dataflow id="215" from="linebuffer1b_V_41" to="stg_3" fromId="77" toId="3">
</dataflow>
<dataflow id="216" from="linebuffer1b_V_42" to="stg_3" fromId="78" toId="3">
</dataflow>
<dataflow id="217" from="linebuffer1b_V_43" to="stg_3" fromId="79" toId="3">
</dataflow>
<dataflow id="218" from="linebuffer1b_V_44" to="stg_3" fromId="80" toId="3">
</dataflow>
<dataflow id="219" from="linebuffer1b_V_45" to="stg_3" fromId="81" toId="3">
</dataflow>
<dataflow id="220" from="linebuffer1b_V_46" to="stg_3" fromId="82" toId="3">
</dataflow>
<dataflow id="221" from="linebuffer1b_V_47" to="stg_3" fromId="83" toId="3">
</dataflow>
<dataflow id="222" from="linebuffer1b_V_48" to="stg_3" fromId="84" toId="3">
</dataflow>
<dataflow id="223" from="linebuffer1b_V_49" to="stg_3" fromId="85" toId="3">
</dataflow>
<dataflow id="224" from="linebuffer1b_V_50" to="stg_3" fromId="86" toId="3">
</dataflow>
<dataflow id="225" from="linebuffer1b_V_51" to="stg_3" fromId="87" toId="3">
</dataflow>
<dataflow id="226" from="linebuffer1b_V_52" to="stg_3" fromId="88" toId="3">
</dataflow>
<dataflow id="227" from="linebuffer1b_V_53" to="stg_3" fromId="89" toId="3">
</dataflow>
<dataflow id="228" from="linebuffer1b_V_54" to="stg_3" fromId="90" toId="3">
</dataflow>
<dataflow id="229" from="linebuffer1b_V_55" to="stg_3" fromId="91" toId="3">
</dataflow>
<dataflow id="230" from="linebuffer1b_V_56" to="stg_3" fromId="92" toId="3">
</dataflow>
<dataflow id="231" from="linebuffer1b_V_57" to="stg_3" fromId="93" toId="3">
</dataflow>
<dataflow id="232" from="linebuffer1b_V_58" to="stg_3" fromId="94" toId="3">
</dataflow>
<dataflow id="233" from="linebuffer1b_V_59" to="stg_3" fromId="95" toId="3">
</dataflow>
<dataflow id="234" from="linebuffer2b_V_0" to="stg_3" fromId="96" toId="3">
</dataflow>
<dataflow id="235" from="linebuffer2b_V_1" to="stg_3" fromId="97" toId="3">
</dataflow>
<dataflow id="236" from="linebuffer2b_V_2" to="stg_3" fromId="98" toId="3">
</dataflow>
<dataflow id="237" from="linebuffer2b_V_3" to="stg_3" fromId="99" toId="3">
</dataflow>
<dataflow id="238" from="linebuffer2b_V_4" to="stg_3" fromId="100" toId="3">
</dataflow>
<dataflow id="239" from="linebuffer2b_V_5" to="stg_3" fromId="101" toId="3">
</dataflow>
<dataflow id="240" from="linebuffer2b_V_6" to="stg_3" fromId="102" toId="3">
</dataflow>
<dataflow id="241" from="linebuffer2b_V_7" to="stg_3" fromId="103" toId="3">
</dataflow>
<dataflow id="242" from="linebuffer2b_V_8" to="stg_3" fromId="104" toId="3">
</dataflow>
<dataflow id="243" from="linebuffer2b_V_9" to="stg_3" fromId="105" toId="3">
</dataflow>
<dataflow id="244" from="linebuffer2b_V_10" to="stg_3" fromId="106" toId="3">
</dataflow>
<dataflow id="245" from="linebuffer2b_V_11" to="stg_3" fromId="107" toId="3">
</dataflow>
<dataflow id="246" from="linebuffer2b_V_12" to="stg_3" fromId="108" toId="3">
</dataflow>
<dataflow id="247" from="linebuffer2b_V_13" to="stg_3" fromId="109" toId="3">
</dataflow>
<dataflow id="248" from="linebuffer2b_V_14" to="stg_3" fromId="110" toId="3">
</dataflow>
<dataflow id="249" from="linebuffer2b_V_15" to="stg_3" fromId="111" toId="3">
</dataflow>
<dataflow id="250" from="linebuffer2b_V_16" to="stg_3" fromId="112" toId="3">
</dataflow>
<dataflow id="251" from="linebuffer2b_V_17" to="stg_3" fromId="113" toId="3">
</dataflow>
<dataflow id="252" from="linebuffer2b_V_18" to="stg_3" fromId="114" toId="3">
</dataflow>
<dataflow id="253" from="linebuffer2b_V_19" to="stg_3" fromId="115" toId="3">
</dataflow>
<dataflow id="254" from="linebuffer2b_V_20" to="stg_3" fromId="116" toId="3">
</dataflow>
<dataflow id="255" from="linebuffer2b_V_21" to="stg_3" fromId="117" toId="3">
</dataflow>
<dataflow id="256" from="linebuffer2b_V_22" to="stg_3" fromId="118" toId="3">
</dataflow>
<dataflow id="257" from="linebuffer2b_V_23" to="stg_3" fromId="119" toId="3">
</dataflow>
<dataflow id="258" from="linebuffer2b_V_24" to="stg_3" fromId="120" toId="3">
</dataflow>
<dataflow id="259" from="linebuffer2b_V_25" to="stg_3" fromId="121" toId="3">
</dataflow>
<dataflow id="260" from="linebuffer2b_V_26" to="stg_3" fromId="122" toId="3">
</dataflow>
<dataflow id="261" from="linebuffer2b_V_27" to="stg_3" fromId="123" toId="3">
</dataflow>
<dataflow id="262" from="linebuffer2b_V_28" to="stg_3" fromId="124" toId="3">
</dataflow>
<dataflow id="263" from="linebuffer2b_V_29" to="stg_3" fromId="125" toId="3">
</dataflow>
<dataflow id="264" from="linebuffer2b_V_30" to="stg_3" fromId="126" toId="3">
</dataflow>
<dataflow id="265" from="linebuffer2b_V_31" to="stg_3" fromId="127" toId="3">
</dataflow>
<dataflow id="266" from="linebuffer2b_V_32" to="stg_3" fromId="128" toId="3">
</dataflow>
<dataflow id="267" from="linebuffer2b_V_33" to="stg_3" fromId="129" toId="3">
</dataflow>
<dataflow id="268" from="linebuffer2b_V_34" to="stg_3" fromId="130" toId="3">
</dataflow>
<dataflow id="269" from="linebuffer2b_V_35" to="stg_3" fromId="131" toId="3">
</dataflow>
<dataflow id="270" from="linebuffer2b_V_36" to="stg_3" fromId="132" toId="3">
</dataflow>
<dataflow id="271" from="linebuffer2b_V_37" to="stg_3" fromId="133" toId="3">
</dataflow>
<dataflow id="272" from="linebuffer2b_V_38" to="stg_3" fromId="134" toId="3">
</dataflow>
<dataflow id="273" from="linebuffer2b_V_39" to="stg_3" fromId="135" toId="3">
</dataflow>
<dataflow id="274" from="linebuffer2b_V_40" to="stg_3" fromId="136" toId="3">
</dataflow>
<dataflow id="275" from="linebuffer2b_V_41" to="stg_3" fromId="137" toId="3">
</dataflow>
<dataflow id="276" from="linebuffer2b_V_42" to="stg_3" fromId="138" toId="3">
</dataflow>
<dataflow id="277" from="linebuffer2b_V_43" to="stg_3" fromId="139" toId="3">
</dataflow>
<dataflow id="278" from="linebuffer2b_V_44" to="stg_3" fromId="140" toId="3">
</dataflow>
<dataflow id="279" from="linebuffer2b_V_45" to="stg_3" fromId="141" toId="3">
</dataflow>
<dataflow id="280" from="linebuffer2b_V_46" to="stg_3" fromId="142" toId="3">
</dataflow>
<dataflow id="281" from="linebuffer2b_V_47" to="stg_3" fromId="143" toId="3">
</dataflow>
<dataflow id="282" from="linebuffer2b_V_48" to="stg_3" fromId="144" toId="3">
</dataflow>
<dataflow id="283" from="linebuffer2b_V_49" to="stg_3" fromId="145" toId="3">
</dataflow>
<dataflow id="284" from="linebuffer2b_V_50" to="stg_3" fromId="146" toId="3">
</dataflow>
<dataflow id="285" from="linebuffer2b_V_51" to="stg_3" fromId="147" toId="3">
</dataflow>
<dataflow id="286" from="linebuffer2b_V_52" to="stg_3" fromId="148" toId="3">
</dataflow>
<dataflow id="287" from="linebuffer2b_V_53" to="stg_3" fromId="149" toId="3">
</dataflow>
<dataflow id="288" from="linebuffer2b_V_54" to="stg_3" fromId="150" toId="3">
</dataflow>
<dataflow id="289" from="linebuffer2b_V_55" to="stg_3" fromId="151" toId="3">
</dataflow>
<dataflow id="290" from="linebuffer2b_V_56" to="stg_3" fromId="152" toId="3">
</dataflow>
<dataflow id="291" from="linebuffer2b_V_57" to="stg_3" fromId="153" toId="3">
</dataflow>
<dataflow id="292" from="linebuffer2b_V_58" to="stg_3" fromId="154" toId="3">
</dataflow>
<dataflow id="293" from="linebuffer2b_V_59" to="stg_3" fromId="155" toId="3">
</dataflow>
<dataflow id="294" from="buff_full1" to="stg_3" fromId="156" toId="3">
</dataflow>
<dataflow id="295" from="nb_eol" to="stg_3" fromId="157" toId="3">
</dataflow>
<dataflow id="296" from="buff_full2" to="stg_3" fromId="158" toId="3">
</dataflow>
<dataflow id="298" from="_ssdm_op_SpecDataflowPipeline" to="stg_4" fromId="297" toId="4">
</dataflow>
<dataflow id="300" from="stg_299" to="stg_4" fromId="299" toId="4">
</dataflow>
<dataflow id="302" from="p_str1" to="stg_4" fromId="301" toId="4">
</dataflow>
<dataflow id="304" from="_ssdm_op_SpecBitsMap" to="stg_5" fromId="303" toId="5">
</dataflow>
<dataflow id="305" from="src_V_data_V" to="stg_5" fromId="23" toId="5">
</dataflow>
<dataflow id="306" from="_ssdm_op_SpecBitsMap" to="stg_6" fromId="303" toId="6">
</dataflow>
<dataflow id="307" from="src_V_keep_V" to="stg_6" fromId="24" toId="6">
</dataflow>
<dataflow id="308" from="_ssdm_op_SpecBitsMap" to="stg_7" fromId="303" toId="7">
</dataflow>
<dataflow id="309" from="src_V_strb_V" to="stg_7" fromId="25" toId="7">
</dataflow>
<dataflow id="310" from="_ssdm_op_SpecBitsMap" to="stg_8" fromId="303" toId="8">
</dataflow>
<dataflow id="311" from="src_V_user_V" to="stg_8" fromId="26" toId="8">
</dataflow>
<dataflow id="312" from="_ssdm_op_SpecBitsMap" to="stg_9" fromId="303" toId="9">
</dataflow>
<dataflow id="313" from="src_V_last_V" to="stg_9" fromId="27" toId="9">
</dataflow>
<dataflow id="314" from="_ssdm_op_SpecBitsMap" to="stg_10" fromId="303" toId="10">
</dataflow>
<dataflow id="315" from="src_V_id_V" to="stg_10" fromId="28" toId="10">
</dataflow>
<dataflow id="316" from="_ssdm_op_SpecBitsMap" to="stg_11" fromId="303" toId="11">
</dataflow>
<dataflow id="317" from="src_V_dest_V" to="stg_11" fromId="29" toId="11">
</dataflow>
<dataflow id="318" from="_ssdm_op_SpecBitsMap" to="stg_12" fromId="303" toId="12">
</dataflow>
<dataflow id="319" from="dst_V_V" to="stg_12" fromId="30" toId="12">
</dataflow>
<dataflow id="320" from="_ssdm_op_SpecBitsMap" to="stg_13" fromId="303" toId="13">
</dataflow>
<dataflow id="321" from="dst_valid" to="stg_13" fromId="31" toId="13">
</dataflow>
<dataflow id="322" from="_ssdm_op_SpecBitsMap" to="stg_14" fromId="303" toId="14">
</dataflow>
<dataflow id="323" from="sof_sig" to="stg_14" fromId="32" toId="14">
</dataflow>
<dataflow id="325" from="_ssdm_op_SpecTopModule" to="stg_15" fromId="324" toId="15">
</dataflow>
<dataflow id="327" from="str" to="stg_15" fromId="326" toId="15">
</dataflow>
<dataflow id="329" from="_ssdm_op_SpecInterface" to="stg_16" fromId="328" toId="16">
</dataflow>
<dataflow id="331" from="stg_330" to="stg_16" fromId="330" toId="16">
</dataflow>
<dataflow id="333" from="p_str6" to="stg_16" fromId="332" toId="16">
</dataflow>
<dataflow id="334" from="stg_330" to="stg_16" fromId="330" toId="16">
</dataflow>
<dataflow id="335" from="stg_330" to="stg_16" fromId="330" toId="16">
</dataflow>
<dataflow id="336" from="stg_330" to="stg_16" fromId="330" toId="16">
</dataflow>
<dataflow id="337" from="stg_330" to="stg_16" fromId="330" toId="16">
</dataflow>
<dataflow id="338" from="p_str1" to="stg_16" fromId="301" toId="16">
</dataflow>
<dataflow id="339" from="p_str1" to="stg_16" fromId="301" toId="16">
</dataflow>
<dataflow id="340" from="p_str1" to="stg_16" fromId="301" toId="16">
</dataflow>
<dataflow id="341" from="_ssdm_op_SpecInterface" to="stg_17" fromId="328" toId="17">
</dataflow>
<dataflow id="342" from="src_V_data_V" to="stg_17" fromId="23" toId="17">
</dataflow>
<dataflow id="343" from="src_V_keep_V" to="stg_17" fromId="24" toId="17">
</dataflow>
<dataflow id="344" from="src_V_strb_V" to="stg_17" fromId="25" toId="17">
</dataflow>
<dataflow id="345" from="src_V_user_V" to="stg_17" fromId="26" toId="17">
</dataflow>
<dataflow id="346" from="src_V_last_V" to="stg_17" fromId="27" toId="17">
</dataflow>
<dataflow id="347" from="src_V_id_V" to="stg_17" fromId="28" toId="17">
</dataflow>
<dataflow id="348" from="src_V_dest_V" to="stg_17" fromId="29" toId="17">
</dataflow>
<dataflow id="350" from="p_str7" to="stg_17" fromId="349" toId="17">
</dataflow>
<dataflow id="351" from="stg_330" to="stg_17" fromId="330" toId="17">
</dataflow>
<dataflow id="352" from="stg_330" to="stg_17" fromId="330" toId="17">
</dataflow>
<dataflow id="353" from="stg_330" to="stg_17" fromId="330" toId="17">
</dataflow>
<dataflow id="354" from="stg_330" to="stg_17" fromId="330" toId="17">
</dataflow>
<dataflow id="355" from="p_str1" to="stg_17" fromId="301" toId="17">
</dataflow>
<dataflow id="356" from="p_str1" to="stg_17" fromId="301" toId="17">
</dataflow>
<dataflow id="357" from="p_str1" to="stg_17" fromId="301" toId="17">
</dataflow>
<dataflow id="358" from="_ssdm_op_SpecInterface" to="stg_18" fromId="328" toId="18">
</dataflow>
<dataflow id="359" from="dst_V_V" to="stg_18" fromId="30" toId="18">
</dataflow>
<dataflow id="360" from="p_str7" to="stg_18" fromId="349" toId="18">
</dataflow>
<dataflow id="361" from="stg_330" to="stg_18" fromId="330" toId="18">
</dataflow>
<dataflow id="362" from="stg_330" to="stg_18" fromId="330" toId="18">
</dataflow>
<dataflow id="363" from="stg_330" to="stg_18" fromId="330" toId="18">
</dataflow>
<dataflow id="364" from="stg_330" to="stg_18" fromId="330" toId="18">
</dataflow>
<dataflow id="365" from="p_str1" to="stg_18" fromId="301" toId="18">
</dataflow>
<dataflow id="366" from="p_str1" to="stg_18" fromId="301" toId="18">
</dataflow>
<dataflow id="367" from="p_str1" to="stg_18" fromId="301" toId="18">
</dataflow>
<dataflow id="368" from="hls_cropping_strm_Block__proc" to="stg_19" fromId="159" toId="19">
</dataflow>
<dataflow id="369" from="src_V_data_V" to="stg_19" fromId="23" toId="19">
</dataflow>
<dataflow id="370" from="src_V_keep_V" to="stg_19" fromId="24" toId="19">
</dataflow>
<dataflow id="371" from="src_V_strb_V" to="stg_19" fromId="25" toId="19">
</dataflow>
<dataflow id="372" from="src_V_user_V" to="stg_19" fromId="26" toId="19">
</dataflow>
<dataflow id="373" from="src_V_last_V" to="stg_19" fromId="27" toId="19">
</dataflow>
<dataflow id="374" from="src_V_id_V" to="stg_19" fromId="28" toId="19">
</dataflow>
<dataflow id="375" from="src_V_dest_V" to="stg_19" fromId="29" toId="19">
</dataflow>
<dataflow id="376" from="dst_V_V" to="stg_19" fromId="30" toId="19">
</dataflow>
<dataflow id="377" from="sof_sig" to="stg_19" fromId="32" toId="19">
</dataflow>
<dataflow id="378" from="dst_valid" to="stg_19" fromId="31" toId="19">
</dataflow>
<dataflow id="379" from="cur_range" to="stg_19" fromId="33" toId="19">
</dataflow>
<dataflow id="380" from="cur_trans" to="stg_19" fromId="34" toId="19">
</dataflow>
<dataflow id="381" from="buff_in" to="stg_19" fromId="35" toId="19">
</dataflow>
<dataflow id="382" from="linebuffer1b_V_0" to="stg_19" fromId="36" toId="19">
</dataflow>
<dataflow id="383" from="linebuffer1b_V_1" to="stg_19" fromId="37" toId="19">
</dataflow>
<dataflow id="384" from="linebuffer1b_V_2" to="stg_19" fromId="38" toId="19">
</dataflow>
<dataflow id="385" from="linebuffer1b_V_3" to="stg_19" fromId="39" toId="19">
</dataflow>
<dataflow id="386" from="linebuffer1b_V_4" to="stg_19" fromId="40" toId="19">
</dataflow>
<dataflow id="387" from="linebuffer1b_V_5" to="stg_19" fromId="41" toId="19">
</dataflow>
<dataflow id="388" from="linebuffer1b_V_6" to="stg_19" fromId="42" toId="19">
</dataflow>
<dataflow id="389" from="linebuffer1b_V_7" to="stg_19" fromId="43" toId="19">
</dataflow>
<dataflow id="390" from="linebuffer1b_V_8" to="stg_19" fromId="44" toId="19">
</dataflow>
<dataflow id="391" from="linebuffer1b_V_9" to="stg_19" fromId="45" toId="19">
</dataflow>
<dataflow id="392" from="linebuffer1b_V_10" to="stg_19" fromId="46" toId="19">
</dataflow>
<dataflow id="393" from="linebuffer1b_V_11" to="stg_19" fromId="47" toId="19">
</dataflow>
<dataflow id="394" from="linebuffer1b_V_12" to="stg_19" fromId="48" toId="19">
</dataflow>
<dataflow id="395" from="linebuffer1b_V_13" to="stg_19" fromId="49" toId="19">
</dataflow>
<dataflow id="396" from="linebuffer1b_V_14" to="stg_19" fromId="50" toId="19">
</dataflow>
<dataflow id="397" from="linebuffer1b_V_15" to="stg_19" fromId="51" toId="19">
</dataflow>
<dataflow id="398" from="linebuffer1b_V_16" to="stg_19" fromId="52" toId="19">
</dataflow>
<dataflow id="399" from="linebuffer1b_V_17" to="stg_19" fromId="53" toId="19">
</dataflow>
<dataflow id="400" from="linebuffer1b_V_18" to="stg_19" fromId="54" toId="19">
</dataflow>
<dataflow id="401" from="linebuffer1b_V_19" to="stg_19" fromId="55" toId="19">
</dataflow>
<dataflow id="402" from="linebuffer1b_V_20" to="stg_19" fromId="56" toId="19">
</dataflow>
<dataflow id="403" from="linebuffer1b_V_21" to="stg_19" fromId="57" toId="19">
</dataflow>
<dataflow id="404" from="linebuffer1b_V_22" to="stg_19" fromId="58" toId="19">
</dataflow>
<dataflow id="405" from="linebuffer1b_V_23" to="stg_19" fromId="59" toId="19">
</dataflow>
<dataflow id="406" from="linebuffer1b_V_24" to="stg_19" fromId="60" toId="19">
</dataflow>
<dataflow id="407" from="linebuffer1b_V_25" to="stg_19" fromId="61" toId="19">
</dataflow>
<dataflow id="408" from="linebuffer1b_V_26" to="stg_19" fromId="62" toId="19">
</dataflow>
<dataflow id="409" from="linebuffer1b_V_27" to="stg_19" fromId="63" toId="19">
</dataflow>
<dataflow id="410" from="linebuffer1b_V_28" to="stg_19" fromId="64" toId="19">
</dataflow>
<dataflow id="411" from="linebuffer1b_V_29" to="stg_19" fromId="65" toId="19">
</dataflow>
<dataflow id="412" from="linebuffer1b_V_30" to="stg_19" fromId="66" toId="19">
</dataflow>
<dataflow id="413" from="linebuffer1b_V_31" to="stg_19" fromId="67" toId="19">
</dataflow>
<dataflow id="414" from="linebuffer1b_V_32" to="stg_19" fromId="68" toId="19">
</dataflow>
<dataflow id="415" from="linebuffer1b_V_33" to="stg_19" fromId="69" toId="19">
</dataflow>
<dataflow id="416" from="linebuffer1b_V_34" to="stg_19" fromId="70" toId="19">
</dataflow>
<dataflow id="417" from="linebuffer1b_V_35" to="stg_19" fromId="71" toId="19">
</dataflow>
<dataflow id="418" from="linebuffer1b_V_36" to="stg_19" fromId="72" toId="19">
</dataflow>
<dataflow id="419" from="linebuffer1b_V_37" to="stg_19" fromId="73" toId="19">
</dataflow>
<dataflow id="420" from="linebuffer1b_V_38" to="stg_19" fromId="74" toId="19">
</dataflow>
<dataflow id="421" from="linebuffer1b_V_39" to="stg_19" fromId="75" toId="19">
</dataflow>
<dataflow id="422" from="linebuffer1b_V_40" to="stg_19" fromId="76" toId="19">
</dataflow>
<dataflow id="423" from="linebuffer1b_V_41" to="stg_19" fromId="77" toId="19">
</dataflow>
<dataflow id="424" from="linebuffer1b_V_42" to="stg_19" fromId="78" toId="19">
</dataflow>
<dataflow id="425" from="linebuffer1b_V_43" to="stg_19" fromId="79" toId="19">
</dataflow>
<dataflow id="426" from="linebuffer1b_V_44" to="stg_19" fromId="80" toId="19">
</dataflow>
<dataflow id="427" from="linebuffer1b_V_45" to="stg_19" fromId="81" toId="19">
</dataflow>
<dataflow id="428" from="linebuffer1b_V_46" to="stg_19" fromId="82" toId="19">
</dataflow>
<dataflow id="429" from="linebuffer1b_V_47" to="stg_19" fromId="83" toId="19">
</dataflow>
<dataflow id="430" from="linebuffer1b_V_48" to="stg_19" fromId="84" toId="19">
</dataflow>
<dataflow id="431" from="linebuffer1b_V_49" to="stg_19" fromId="85" toId="19">
</dataflow>
<dataflow id="432" from="linebuffer1b_V_50" to="stg_19" fromId="86" toId="19">
</dataflow>
<dataflow id="433" from="linebuffer1b_V_51" to="stg_19" fromId="87" toId="19">
</dataflow>
<dataflow id="434" from="linebuffer1b_V_52" to="stg_19" fromId="88" toId="19">
</dataflow>
<dataflow id="435" from="linebuffer1b_V_53" to="stg_19" fromId="89" toId="19">
</dataflow>
<dataflow id="436" from="linebuffer1b_V_54" to="stg_19" fromId="90" toId="19">
</dataflow>
<dataflow id="437" from="linebuffer1b_V_55" to="stg_19" fromId="91" toId="19">
</dataflow>
<dataflow id="438" from="linebuffer1b_V_56" to="stg_19" fromId="92" toId="19">
</dataflow>
<dataflow id="439" from="linebuffer1b_V_57" to="stg_19" fromId="93" toId="19">
</dataflow>
<dataflow id="440" from="linebuffer1b_V_58" to="stg_19" fromId="94" toId="19">
</dataflow>
<dataflow id="441" from="linebuffer1b_V_59" to="stg_19" fromId="95" toId="19">
</dataflow>
<dataflow id="442" from="linebuffer2b_V_0" to="stg_19" fromId="96" toId="19">
</dataflow>
<dataflow id="443" from="linebuffer2b_V_1" to="stg_19" fromId="97" toId="19">
</dataflow>
<dataflow id="444" from="linebuffer2b_V_2" to="stg_19" fromId="98" toId="19">
</dataflow>
<dataflow id="445" from="linebuffer2b_V_3" to="stg_19" fromId="99" toId="19">
</dataflow>
<dataflow id="446" from="linebuffer2b_V_4" to="stg_19" fromId="100" toId="19">
</dataflow>
<dataflow id="447" from="linebuffer2b_V_5" to="stg_19" fromId="101" toId="19">
</dataflow>
<dataflow id="448" from="linebuffer2b_V_6" to="stg_19" fromId="102" toId="19">
</dataflow>
<dataflow id="449" from="linebuffer2b_V_7" to="stg_19" fromId="103" toId="19">
</dataflow>
<dataflow id="450" from="linebuffer2b_V_8" to="stg_19" fromId="104" toId="19">
</dataflow>
<dataflow id="451" from="linebuffer2b_V_9" to="stg_19" fromId="105" toId="19">
</dataflow>
<dataflow id="452" from="linebuffer2b_V_10" to="stg_19" fromId="106" toId="19">
</dataflow>
<dataflow id="453" from="linebuffer2b_V_11" to="stg_19" fromId="107" toId="19">
</dataflow>
<dataflow id="454" from="linebuffer2b_V_12" to="stg_19" fromId="108" toId="19">
</dataflow>
<dataflow id="455" from="linebuffer2b_V_13" to="stg_19" fromId="109" toId="19">
</dataflow>
<dataflow id="456" from="linebuffer2b_V_14" to="stg_19" fromId="110" toId="19">
</dataflow>
<dataflow id="457" from="linebuffer2b_V_15" to="stg_19" fromId="111" toId="19">
</dataflow>
<dataflow id="458" from="linebuffer2b_V_16" to="stg_19" fromId="112" toId="19">
</dataflow>
<dataflow id="459" from="linebuffer2b_V_17" to="stg_19" fromId="113" toId="19">
</dataflow>
<dataflow id="460" from="linebuffer2b_V_18" to="stg_19" fromId="114" toId="19">
</dataflow>
<dataflow id="461" from="linebuffer2b_V_19" to="stg_19" fromId="115" toId="19">
</dataflow>
<dataflow id="462" from="linebuffer2b_V_20" to="stg_19" fromId="116" toId="19">
</dataflow>
<dataflow id="463" from="linebuffer2b_V_21" to="stg_19" fromId="117" toId="19">
</dataflow>
<dataflow id="464" from="linebuffer2b_V_22" to="stg_19" fromId="118" toId="19">
</dataflow>
<dataflow id="465" from="linebuffer2b_V_23" to="stg_19" fromId="119" toId="19">
</dataflow>
<dataflow id="466" from="linebuffer2b_V_24" to="stg_19" fromId="120" toId="19">
</dataflow>
<dataflow id="467" from="linebuffer2b_V_25" to="stg_19" fromId="121" toId="19">
</dataflow>
<dataflow id="468" from="linebuffer2b_V_26" to="stg_19" fromId="122" toId="19">
</dataflow>
<dataflow id="469" from="linebuffer2b_V_27" to="stg_19" fromId="123" toId="19">
</dataflow>
<dataflow id="470" from="linebuffer2b_V_28" to="stg_19" fromId="124" toId="19">
</dataflow>
<dataflow id="471" from="linebuffer2b_V_29" to="stg_19" fromId="125" toId="19">
</dataflow>
<dataflow id="472" from="linebuffer2b_V_30" to="stg_19" fromId="126" toId="19">
</dataflow>
<dataflow id="473" from="linebuffer2b_V_31" to="stg_19" fromId="127" toId="19">
</dataflow>
<dataflow id="474" from="linebuffer2b_V_32" to="stg_19" fromId="128" toId="19">
</dataflow>
<dataflow id="475" from="linebuffer2b_V_33" to="stg_19" fromId="129" toId="19">
</dataflow>
<dataflow id="476" from="linebuffer2b_V_34" to="stg_19" fromId="130" toId="19">
</dataflow>
<dataflow id="477" from="linebuffer2b_V_35" to="stg_19" fromId="131" toId="19">
</dataflow>
<dataflow id="478" from="linebuffer2b_V_36" to="stg_19" fromId="132" toId="19">
</dataflow>
<dataflow id="479" from="linebuffer2b_V_37" to="stg_19" fromId="133" toId="19">
</dataflow>
<dataflow id="480" from="linebuffer2b_V_38" to="stg_19" fromId="134" toId="19">
</dataflow>
<dataflow id="481" from="linebuffer2b_V_39" to="stg_19" fromId="135" toId="19">
</dataflow>
<dataflow id="482" from="linebuffer2b_V_40" to="stg_19" fromId="136" toId="19">
</dataflow>
<dataflow id="483" from="linebuffer2b_V_41" to="stg_19" fromId="137" toId="19">
</dataflow>
<dataflow id="484" from="linebuffer2b_V_42" to="stg_19" fromId="138" toId="19">
</dataflow>
<dataflow id="485" from="linebuffer2b_V_43" to="stg_19" fromId="139" toId="19">
</dataflow>
<dataflow id="486" from="linebuffer2b_V_44" to="stg_19" fromId="140" toId="19">
</dataflow>
<dataflow id="487" from="linebuffer2b_V_45" to="stg_19" fromId="141" toId="19">
</dataflow>
<dataflow id="488" from="linebuffer2b_V_46" to="stg_19" fromId="142" toId="19">
</dataflow>
<dataflow id="489" from="linebuffer2b_V_47" to="stg_19" fromId="143" toId="19">
</dataflow>
<dataflow id="490" from="linebuffer2b_V_48" to="stg_19" fromId="144" toId="19">
</dataflow>
<dataflow id="491" from="linebuffer2b_V_49" to="stg_19" fromId="145" toId="19">
</dataflow>
<dataflow id="492" from="linebuffer2b_V_50" to="stg_19" fromId="146" toId="19">
</dataflow>
<dataflow id="493" from="linebuffer2b_V_51" to="stg_19" fromId="147" toId="19">
</dataflow>
<dataflow id="494" from="linebuffer2b_V_52" to="stg_19" fromId="148" toId="19">
</dataflow>
<dataflow id="495" from="linebuffer2b_V_53" to="stg_19" fromId="149" toId="19">
</dataflow>
<dataflow id="496" from="linebuffer2b_V_54" to="stg_19" fromId="150" toId="19">
</dataflow>
<dataflow id="497" from="linebuffer2b_V_55" to="stg_19" fromId="151" toId="19">
</dataflow>
<dataflow id="498" from="linebuffer2b_V_56" to="stg_19" fromId="152" toId="19">
</dataflow>
<dataflow id="499" from="linebuffer2b_V_57" to="stg_19" fromId="153" toId="19">
</dataflow>
<dataflow id="500" from="linebuffer2b_V_58" to="stg_19" fromId="154" toId="19">
</dataflow>
<dataflow id="501" from="linebuffer2b_V_59" to="stg_19" fromId="155" toId="19">
</dataflow>
<dataflow id="502" from="buff_full1" to="stg_19" fromId="156" toId="19">
</dataflow>
<dataflow id="503" from="nb_eol" to="stg_19" fromId="157" toId="19">
</dataflow>
<dataflow id="504" from="buff_full2" to="stg_19" fromId="158" toId="19">
</dataflow>
</dataflows>


</stg>
