<stg><name>hls_cropping_strm</name>


<trans_list>

<trans id="21" from="1" to="2">
<condition id="0">
<or_exp><and_exp></and_exp></or_exp>
</condition>
</trans>
</trans_list>



<state_list>

<state id="1" st_id="1">

<operation id="3" st_id="1" stage="2" lat="2">
<core></core>
<MemPortIdVec></MemPortIdVec>
<condition id="-1">
<or_exp><and_exp></and_exp></or_exp>
</condition>

<node id="152" bw="0" op_0_bw="0" op_1_bw="8" op_2_bw="1" op_3_bw="1" op_4_bw="1" op_5_bw="1" op_6_bw="1" op_7_bw="1" op_8_bw="16" op_9_bw="1" op_10_bw="1">
<![CDATA[
codeRepl:15  call fastcc void @hls_cropping_strm_Block__proc(i8* %src_V_data_V, i1* %src_V_keep_V, i1* %src_V_strb_V, i1* %src_V_user_V, i1* %src_V_last_V, i1* %src_V_id_V, i1* %src_V_dest_V, i16* %dst_V_V, i1* %sof_sig, i1* %dst_valid)

]]></node>
<StgValue><ssdm name=""/></StgValue>
</operation>
</state>

<state id="2" st_id="2">

<operation id="4" st_id="2" stage="1" lat="1">
<core>NULL</core>
<MemPortIdVec></MemPortIdVec>
<condition id="-1">
<or_exp><and_exp></and_exp></or_exp>
</condition>

<node id="137" bw="0" op_0_bw="0" op_1_bw="32" op_2_bw="8">
<![CDATA[
codeRepl:0  call void (...)* @_ssdm_op_SpecDataflowPipeline(i32 -1, [1 x i8]* @p_str1) nounwind

]]></node>
<StgValue><ssdm name=""/></StgValue>
</operation>

<operation id="5" st_id="2" stage="1" lat="1">
<core>NULL</core>
<MemPortIdVec></MemPortIdVec>
<condition id="-1">
<or_exp><and_exp></and_exp></or_exp>
</condition>

<node id="138" bw="0" op_0_bw="0" op_1_bw="8">
<![CDATA[
codeRepl:1  call void (...)* @_ssdm_op_SpecBitsMap(i8* %src_V_data_V), !map !7

]]></node>
<StgValue><ssdm name=""/></StgValue>
</operation>

<operation id="6" st_id="2" stage="1" lat="1">
<core>NULL</core>
<MemPortIdVec></MemPortIdVec>
<condition id="-1">
<or_exp><and_exp></and_exp></or_exp>
</condition>

<node id="139" bw="0" op_0_bw="0" op_1_bw="1">
<![CDATA[
codeRepl:2  call void (...)* @_ssdm_op_SpecBitsMap(i1* %src_V_keep_V), !map !11

]]></node>
<StgValue><ssdm name=""/></StgValue>
</operation>

<operation id="7" st_id="2" stage="1" lat="1">
<core>NULL</core>
<MemPortIdVec></MemPortIdVec>
<condition id="-1">
<or_exp><and_exp></and_exp></or_exp>
</condition>

<node id="140" bw="0" op_0_bw="0" op_1_bw="1">
<![CDATA[
codeRepl:3  call void (...)* @_ssdm_op_SpecBitsMap(i1* %src_V_strb_V), !map !15

]]></node>
<StgValue><ssdm name=""/></StgValue>
</operation>

<operation id="8" st_id="2" stage="1" lat="1">
<core>NULL</core>
<MemPortIdVec></MemPortIdVec>
<condition id="-1">
<or_exp><and_exp></and_exp></or_exp>
</condition>

<node id="141" bw="0" op_0_bw="0" op_1_bw="1">
<![CDATA[
codeRepl:4  call void (...)* @_ssdm_op_SpecBitsMap(i1* %src_V_user_V), !map !19

]]></node>
<StgValue><ssdm name=""/></StgValue>
</operation>

<operation id="9" st_id="2" stage="1" lat="1">
<core>NULL</core>
<MemPortIdVec></MemPortIdVec>
<condition id="-1">
<or_exp><and_exp></and_exp></or_exp>
</condition>

<node id="142" bw="0" op_0_bw="0" op_1_bw="1">
<![CDATA[
codeRepl:5  call void (...)* @_ssdm_op_SpecBitsMap(i1* %src_V_last_V), !map !23

]]></node>
<StgValue><ssdm name=""/></StgValue>
</operation>

<operation id="10" st_id="2" stage="1" lat="1">
<core>NULL</core>
<MemPortIdVec></MemPortIdVec>
<condition id="-1">
<or_exp><and_exp></and_exp></or_exp>
</condition>

<node id="143" bw="0" op_0_bw="0" op_1_bw="1">
<![CDATA[
codeRepl:6  call void (...)* @_ssdm_op_SpecBitsMap(i1* %src_V_id_V), !map !27

]]></node>
<StgValue><ssdm name=""/></StgValue>
</operation>

<operation id="11" st_id="2" stage="1" lat="1">
<core>NULL</core>
<MemPortIdVec></MemPortIdVec>
<condition id="-1">
<or_exp><and_exp></and_exp></or_exp>
</condition>

<node id="144" bw="0" op_0_bw="0" op_1_bw="1">
<![CDATA[
codeRepl:7  call void (...)* @_ssdm_op_SpecBitsMap(i1* %src_V_dest_V), !map !31

]]></node>
<StgValue><ssdm name=""/></StgValue>
</operation>

<operation id="12" st_id="2" stage="1" lat="1">
<core>NULL</core>
<MemPortIdVec></MemPortIdVec>
<condition id="-1">
<or_exp><and_exp></and_exp></or_exp>
</condition>

<node id="145" bw="0" op_0_bw="0" op_1_bw="16">
<![CDATA[
codeRepl:8  call void (...)* @_ssdm_op_SpecBitsMap(i16* %dst_V_V), !map !35

]]></node>
<StgValue><ssdm name=""/></StgValue>
</operation>

<operation id="13" st_id="2" stage="1" lat="1">
<core>NULL</core>
<MemPortIdVec></MemPortIdVec>
<condition id="-1">
<or_exp><and_exp></and_exp></or_exp>
</condition>

<node id="146" bw="0" op_0_bw="0" op_1_bw="1">
<![CDATA[
codeRepl:9  call void (...)* @_ssdm_op_SpecBitsMap(i1* %dst_valid), !map !39

]]></node>
<StgValue><ssdm name=""/></StgValue>
</operation>

<operation id="14" st_id="2" stage="1" lat="1">
<core>NULL</core>
<MemPortIdVec></MemPortIdVec>
<condition id="-1">
<or_exp><and_exp></and_exp></or_exp>
</condition>

<node id="147" bw="0" op_0_bw="0" op_1_bw="1">
<![CDATA[
codeRepl:10  call void (...)* @_ssdm_op_SpecBitsMap(i1* %sof_sig), !map !43

]]></node>
<StgValue><ssdm name=""/></StgValue>
</operation>

<operation id="15" st_id="2" stage="1" lat="1">
<core>NULL</core>
<MemPortIdVec></MemPortIdVec>
<condition id="-1">
<or_exp><and_exp></and_exp></or_exp>
</condition>

<node id="148" bw="0" op_0_bw="0" op_1_bw="8">
<![CDATA[
codeRepl:11  call void (...)* @_ssdm_op_SpecTopModule([18 x i8]* @str) nounwind

]]></node>
<StgValue><ssdm name=""/></StgValue>
</operation>

<operation id="16" st_id="2" stage="1" lat="1">
<core>NULL</core>
<MemPortIdVec></MemPortIdVec>
<condition id="-1">
<or_exp><and_exp></and_exp></or_exp>
</condition>

<node id="149" bw="0" op_0_bw="0" op_1_bw="32" op_2_bw="8" op_3_bw="32" op_4_bw="32" op_5_bw="32" op_6_bw="32" op_7_bw="8" op_8_bw="8" op_9_bw="8">
<![CDATA[
codeRepl:12  call void (...)* @_ssdm_op_SpecInterface(i32 0, [13 x i8]* @p_str6, i32 0, i32 0, i32 0, i32 0, [1 x i8]* @p_str1, [1 x i8]* @p_str1, [1 x i8]* @p_str1) nounwind

]]></node>
<StgValue><ssdm name=""/></StgValue>
</operation>

<operation id="17" st_id="2" stage="1" lat="1">
<core>NULL</core>
<MemPortIdVec></MemPortIdVec>
<condition id="-1">
<or_exp><and_exp></and_exp></or_exp>
</condition>

<node id="150" bw="0" op_0_bw="0" op_1_bw="8" op_2_bw="1" op_3_bw="1" op_4_bw="1" op_5_bw="1" op_6_bw="1" op_7_bw="1" op_8_bw="8" op_9_bw="32" op_10_bw="32" op_11_bw="32" op_12_bw="32" op_13_bw="8" op_14_bw="8" op_15_bw="8">
<![CDATA[
codeRepl:13  call void (...)* @_ssdm_op_SpecInterface(i8* %src_V_data_V, i1* %src_V_keep_V, i1* %src_V_strb_V, i1* %src_V_user_V, i1* %src_V_last_V, i1* %src_V_id_V, i1* %src_V_dest_V, [5 x i8]* @p_str7, i32 0, i32 0, i32 0, i32 0, [1 x i8]* @p_str1, [1 x i8]* @p_str1, [1 x i8]* @p_str1) nounwind

]]></node>
<StgValue><ssdm name=""/></StgValue>
</operation>

<operation id="18" st_id="2" stage="1" lat="1">
<core>NULL</core>
<MemPortIdVec></MemPortIdVec>
<condition id="-1">
<or_exp><and_exp></and_exp></or_exp>
</condition>

<node id="151" bw="0" op_0_bw="0" op_1_bw="16" op_2_bw="8" op_3_bw="32" op_4_bw="32" op_5_bw="32" op_6_bw="32" op_7_bw="8" op_8_bw="8" op_9_bw="8">
<![CDATA[
codeRepl:14  call void (...)* @_ssdm_op_SpecInterface(i16* %dst_V_V, [5 x i8]* @p_str7, i32 0, i32 0, i32 0, i32 0, [1 x i8]* @p_str1, [1 x i8]* @p_str1, [1 x i8]* @p_str1) nounwind

]]></node>
<StgValue><ssdm name=""/></StgValue>
</operation>

<operation id="19" st_id="2" stage="1" lat="2">
<core></core>
<MemPortIdVec></MemPortIdVec>
<condition id="-1">
<or_exp><and_exp></and_exp></or_exp>
</condition>

<node id="152" bw="0" op_0_bw="0" op_1_bw="8" op_2_bw="1" op_3_bw="1" op_4_bw="1" op_5_bw="1" op_6_bw="1" op_7_bw="1" op_8_bw="16" op_9_bw="1" op_10_bw="1">
<![CDATA[
codeRepl:15  call fastcc void @hls_cropping_strm_Block__proc(i8* %src_V_data_V, i1* %src_V_keep_V, i1* %src_V_strb_V, i1* %src_V_user_V, i1* %src_V_last_V, i1* %src_V_id_V, i1* %src_V_dest_V, i16* %dst_V_V, i1* %sof_sig, i1* %dst_valid)

]]></node>
<StgValue><ssdm name=""/></StgValue>
</operation>

<operation id="20" st_id="2" stage="1" lat="1">
<core>NULL</core>
<MemPortIdVec></MemPortIdVec>
<condition id="-1">
<or_exp><and_exp></and_exp></or_exp>
</condition>

<node id="153" bw="0">
<![CDATA[
codeRepl:16  ret void

]]></node>
<StgValue><ssdm name=""/></StgValue>
</operation>
</state>
</state_list>


<ports>
</ports>


<dataflows>
</dataflows>


</stg>
